-0.0511317625641823,0.0320078358054161,0.0167547464370728
-0.0511317625641823,0.0300040803849697,0.0187871530652046
-0.0531489029526711,0.0320078358054161,0.0187871530652046
-0.0511317625641823,0.0320078358054161,0.0208195671439171
-0.0470974892377853,0.0320078358054161,0.0167547464370728
-0.0470974892377853,0.0300040803849697,0.0187871530652046
-0.0470974892377853,0.0320078358054161,0.0208195671439171
-0.0450803488492966,0.0320078358054161,0.0187871530652046
0.00938241183757782,0.0320078358054161,0.0086250975728035
0.00938241183757782,0.0300040803849697,0.010657511651516
0.00736527144908905,0.0320078358054161,0.010657511651516
0.00938241183757782,0.0320078358054161,0.0126899257302284
0.0113995522260666,0.0320078358054161,0.010657511651516
-0.0713031589984894,0.0360153391957283,0.000495456159114838
-0.0713031589984894,0.0340115875005722,0.0025278702378273
-0.0733202993869781,0.0360153391957283,0.0025278702378273
-0.0713031589984894,0.0340115875005722,0.00659269094467163
-0.0733202993869781,0.0360153391957283,0.00659269094467163
-0.0713031589984894,0.0360153391957283,0.0086250975728035
-0.0672688782215118,0.0360153391957283,-0.00763418525457382
-0.0672688782215118,0.0340115875005722,-0.00560177862644196
-0.0692860186100006,0.0360153391957283,-0.00560177862644196
-0.0672688782215118,0.0340115875005722,-0.00153695046901703
-0.0692860186100006,0.0360153391957283,-0.00153695046901703
-0.0672688782215118,0.0340115875005722,0.0025278702378273
-0.0672688782215118,0.0340115875005722,0.00659269094467163
-0.0692860186100006,0.0360153391957283,0.010657511651516
-0.0672688782215118,0.0340115875005722,0.010657511651516
-0.0672688782215118,0.0360153391957283,0.0126899257302284
-0.0632345974445343,0.0360153391957283,-0.00763418525457382
-0.0632345974445343,0.0340115875005722,-0.00560177862644196
-0.0632345974445343,0.0340115875005722,-0.00153695046901703
-0.0632345974445343,0.0340115875005722,0.0025278702378273
-0.0632345974445343,0.0340115875005722,0.00659269094467163
-0.0632345974445343,0.0340115875005722,0.010657511651516
-0.0652517378330231,0.0360153391957283,0.0147223323583603
-0.0632345974445343,0.0340115875005722,0.0147223323583603
-0.0632345974445343,0.0360153391957283,0.0167547464370728
-0.0632345974445343,0.0360153391957283,0.0208195671439171
-0.0632345974445343,0.0340115875005722,0.022851973772049
-0.0652517378330231,0.0360153391957283,0.022851973772049
-0.0632345974445343,0.0340115875005722,0.0269168019294739
-0.0652517378330231,0.0360153391957283,0.0269168019294739
-0.0632345974445343,0.0340115875005722,0.0309816226363182
-0.0652517378330231,0.0360153391957283,0.0309816226363182
-0.0632345974445343,0.0340115875005722,0.0350464433431625
-0.0652517378330231,0.0360153391957283,0.0350464433431625
-0.0632345974445343,0.0340115875005722,0.0391112565994263
-0.0652517378330231,0.0360153391957283,0.0391112565994263
-0.0632345974445343,0.0360153391957283,0.0411436706781387
-0.0592003203928471,0.0360153391957283,-0.0116990059614182
-0.0592003203928471,0.0340115875005722,-0.00966659933328629
-0.0612174607813358,0.0360153391957283,-0.00966659933328629
-0.0592003203928471,0.0340115875005722,-0.00560177862644196
-0.0592003203928471,0.0340115875005722,-0.00153695046901703
-0.0592003203928471,0.0340115875005722,0.0025278702378273
-0.0592003203928471,0.0340115875005722,0.00659269094467163
-0.0592003203928471,0.0340115875005722,0.010657511651516
-0.0592003203928471,0.0340115875005722,0.0147223323583603
-0.0612174607813358,0.0360153391957283,0.0187871530652046
-0.0592003203928471,0.0340115875005722,0.0187871530652046
-0.0592003203928471,0.0340115875005722,0.022851973772049
-0.0592003203928471,0.0340115875005722,0.0269168019294739
-0.0592003203928471,0.0340115875005722,0.0309816226363182
-0.0592003203928471,0.0340115875005722,0.0350464433431625
-0.0592003203928471,0.0340115875005722,0.0391112565994263
-0.0612174607813358,0.0360153391957283,0.0431760847568512
-0.0592003203928471,0.0340115875005722,0.0431760847568512
-0.0592003203928471,0.0360153391957283,0.0452084988355637
-0.0551660433411598,0.0360153391957283,-0.0116990059614182
-0.0551660433411598,0.0340115875005722,-0.00966659933328629
-0.0551660433411598,0.0340115875005722,-0.00560177862644196
-0.0551660433411598,0.0340115875005722,-0.00153695046901703
-0.0551660433411598,0.0340115875005722,0.0025278702378273
-0.0551660433411598,0.0340115875005722,0.00659269094467163
-0.0551660433411598,0.0340115875005722,0.010657511651516
-0.0551660433411598,0.0340115875005722,0.0147223323583603
-0.0551660433411598,0.0340115875005722,0.0187871530652046
-0.0551660433411598,0.0340115875005722,0.022851973772049
-0.0551660433411598,0.0340115875005722,0.0269168019294739
-0.0551660433411598,0.0340115875005722,0.0309816226363182
-0.0551660433411598,0.0340115875005722,0.0350464433431625
-0.0551660433411598,0.0340115875005722,0.0391112565994263
-0.0551660433411598,0.0340115875005722,0.0431760847568512
-0.0551660433411598,0.0360153391957283,0.0452084988355637
-0.0511317625641823,0.0360153391957283,-0.0116990059614182
-0.0511317625641823,0.0340115875005722,-0.00966659933328629
-0.0511317625641823,0.0340115875005722,-0.00560177862644196
-0.0511317625641823,0.0340115875005722,-0.00153695046901703
-0.0511317625641823,0.0340115875005722,0.0025278702378273
-0.0511317625641823,0.0340115875005722,0.00659269094467163
-0.0511317625641823,0.0340115875005722,0.010657511651516
-0.0511317625641823,0.0340115875005722,0.0147223323583603
-0.0511317625641823,0.0340115875005722,0.022851973772049
-0.0511317625641823,0.0340115875005722,0.0269168019294739
-0.0511317625641823,0.0340115875005722,0.0309816226363182
-0.0511317625641823,0.0340115875005722,0.0350464433431625
-0.0511317625641823,0.0340115875005722,0.0391112565994263
-0.0511317625641823,0.0340115875005722,0.0431760847568512
-0.0511317625641823,0.0360153391957283,0.0452084988355637
-0.0470974892377853,0.0360153391957283,-0.0157638266682625
-0.0470974892377853,0.0340115875005722,-0.0137314200401306
-0.0491146221756935,0.0360153391957283,-0.0137314200401306
-0.0470974892377853,0.0340115875005722,-0.00966659933328629
-0.0470974892377853,0.0340115875005722,-0.00560177862644196
-0.0470974892377853,0.0340115875005722,-0.00153695046901703
-0.0470974892377853,0.0340115875005722,0.0025278702378273
-0.0470974892377853,0.0340115875005722,0.00659269094467163
-0.0470974892377853,0.0360153391957283,0.0086250975728035
-0.0491146221756935,0.0360153391957283,0.010657511651516
-0.0491146221756935,0.0360153391957283,0.0147223323583603
-0.0470974892377853,0.0360153391957283,0.0167547464370728
-0.0470974892377853,0.0340115875005722,0.022851973772049
-0.0470974892377853,0.0340115875005722,0.0269168019294739
-0.0470974892377853,0.0340115875005722,0.0309816226363182
-0.0470974892377853,0.0340115875005722,0.0350464433431625
-0.0470974892377853,0.0340115875005722,0.0391112565994263
-0.0470974892377853,0.0340115875005722,0.0431760847568512
-0.0470974892377853,0.0360153391957283,0.0452084988355637
-0.0430632084608078,0.0360153391957283,-0.0279582925140858
-0.0430632084608078,0.0340115875005722,-0.0259258821606636
-0.0450803488492966,0.0360153391957283,-0.0259258821606636
-0.0430632084608078,0.0340115875005722,-0.0218610614538193
-0.0450803488492966,0.0360153391957283,-0.0218610614538193
-0.0430632084608078,0.0340115875005722,-0.0177962407469749
-0.0450803488492966,0.0360153391957283,-0.0177962407469749
-0.0430632084608078,0.0340115875005722,-0.0137314200401306
-0.0430632084608078,0.0340115875005722,-0.00966659933328629
-0.0430632084608078,0.0340115875005722,-0.00560177862644196
-0.0430632084608078,0.0340115875005722,-0.00153695046901703
-0.0430632084608078,0.0340115875005722,0.0025278702378273
-0.0430632084608078,0.0340115875005722,0.00659269094467163
-0.0430632084608078,0.0360153391957283,0.0086250975728035
-0.0450803488492966,0.0360153391957283,0.0187871530652046
-0.0430632084608078,0.0340115875005722,0.022851973772049
-0.0430632084608078,0.0360153391957283,0.0208195671439171
-0.0430632084608078,0.0340115875005722,0.0269168019294739
-0.0430632084608078,0.0340115875005722,0.0309816226363182
-0.0430632084608078,0.0340115875005722,0.0350464433431625
-0.0430632084608078,0.0340115875005722,0.0391112565994263
-0.0430632084608078,0.0340115875005722,0.0431760847568512
-0.0430632084608078,0.0360153391957283,0.0452084988355637
-0.0390289276838303,0.0360153391957283,-0.0279582925140858
-0.0390289276838303,0.0340115875005722,-0.0259258821606636
-0.0390289276838303,0.0340115875005722,-0.0218610614538193
-0.0390289276838303,0.0340115875005722,-0.0177962407469749
-0.0390289276838303,0.0340115875005722,-0.0137314200401306
-0.0390289276838303,0.0360153391957283,-0.0116990059614182
-0.041046068072319,0.0360153391957283,-0.00966659933328629
-0.041046068072319,0.0360153391957283,-0.00560177862644196
-0.0390289276838303,0.0360153391957283,-0.00356936454772949
-0.0390289276838303,0.0340115875005722,-0.00153695046901703
-0.0390289276838303,0.0340115875005722,0.0025278702378273
-0.0390289276838303,0.0340115875005722,0.00659269094467163
-0.0390289276838303,0.0360153391957283,0.0086250975728035
-0.0390289276838303,0.0360153391957283,0.0208195671439171
-0.0390289276838303,0.0340115875005722,0.022851973772049
-0.0390289276838303,0.0340115875005722,0.0269168019294739
-0.0390289276838303,0.0340115875005722,0.0309816226363182
-0.0390289276838303,0.0340115875005722,0.0350464433431625
-0.0390289276838303,0.0340115875005722,0.0391112565994263
-0.0390289276838303,0.0360153391957283,0.0411436706781387
-0.041046068072319,0.0360153391957283,0.0431760847568512
-0.0349946543574333,0.0360153391957283,-0.0320231169462204
-0.0349946543574333,0.0340115875005722,-0.0299907028675079
-0.0370117872953415,0.0360153391957283,-0.0299907028675079
-0.0349946543574333,0.0340115875005722,-0.0259258821606636
-0.0349946543574333,0.0340115875005722,-0.0218610614538193
-0.0349946543574333,0.0340115875005722,-0.0177962407469749
-0.0349946543574333,0.0360153391957283,-0.0157638266682625
-0.0370117872953415,0.0360153391957283,-0.0137314200401306
-0.0370117872953415,0.0360153391957283,-0.00153695046901703
-0.0349946543574333,0.0360153391957283,0.000495456159114838
-0.0349946543574333,0.0340115875005722,0.0025278702378273
-0.0349946543574333,0.0340115875005722,0.00659269094467163
-0.0370117872953415,0.0360153391957283,0.010657511651516
-0.0349946543574333,0.0340115875005722,0.010657511651516
-0.0349946543574333,0.0340115875005722,0.0147223323583603
-0.0370117872953415,0.0360153391957283,0.0147223323583603
-0.0349946543574333,0.0340115875005722,0.0187871530652046
-0.0370117872953415,0.0360153391957283,0.0187871530652046
-0.0349946543574333,0.0340115875005722,0.022851973772049
-0.0349946543574333,0.0340115875005722,0.0269168019294739
-0.0349946543574333,0.0340115875005722,0.0309816226363182
-0.0349946543574333,0.0340115875005722,0.0350464433431625
-0.0349946543574333,0.0340115875005722,0.0391112565994263
-0.0370117872953415,0.0360153391957283,0.0431760847568512
-0.0349946543574333,0.0340115875005722,0.0431760847568512
-0.0349946543574333,0.0360153391957283,0.0452084988355637
-0.0309603735804558,0.0360153391957283,-0.0320231169462204
-0.0309603735804558,0.0340115875005722,-0.0299907028675079
-0.0309603735804558,0.0340115875005722,-0.0259258821606636
-0.0309603735804558,0.0340115875005722,-0.0218610614538193
-0.0309603735804558,0.0360153391957283,-0.0198286473751068
-0.0329775139689445,0.0360153391957283,-0.0177962407469749
-0.0329775139689445,0.0360153391957283,0.0025278702378273
-0.0329775139689445,0.0360153391957283,0.00659269094467163
-0.0309603735804558,0.0360153391957283,0.0086250975728035
-0.0309603735804558,0.0340115875005722,0.010657511651516
-0.0309603735804558,0.0340115875005722,0.0147223323583603
-0.0309603735804558,0.0340115875005722,0.0187871530652046
-0.0309603735804558,0.0340115875005722,0.022851973772049
-0.0309603735804558,0.0360153391957283,0.0248843878507614
-0.0329775139689445,0.0360153391957283,0.0269168019294739
-0.0329775139689445,0.0360153391957283,0.0309816226363182
-0.0329775139689445,0.0360153391957283,0.0350464433431625
-0.0309603735804558,0.0360153391957283,0.0370788499712944
-0.0309603735804558,0.0340115875005722,0.0391112565994263
-0.0309603735804558,0.0340115875005722,0.0431760847568512
-0.0329775139689445,0.0360153391957283,0.0472409129142761
-0.0309603735804558,0.0340115875005722,0.0472409129142761
-0.0309603735804558,0.0360153391957283,0.0492733120918274
-0.028943233191967,0.0360153391957283,-0.0299907028675079
-0.0269260928034782,0.0360153391957283,-0.0279582925140858
-0.0269260928034782,0.0340115875005722,-0.0259258821606636
-0.0269260928034782,0.0340115875005722,-0.0218610614538193
-0.0269260928034782,0.0360153391957283,-0.0198286473751068
-0.028943233191967,0.0360153391957283,0.010657511651516
-0.028943233191967,0.0360153391957283,0.0147223323583603
-0.028943233191967,0.0360153391957283,0.0187871530652046
-0.028943233191967,0.0360153391957283,0.022851973772049
-0.028943233191967,0.0360153391957283,0.0391112565994263
-0.0269260928034782,0.0360153391957283,0.0411436706781387
-0.0269260928034782,0.0340115875005722,0.0431760847568512
-0.0269260928034782,0.0340115875005722,0.0472409129142761
-0.028943233191967,0.0360153391957283,0.0513057261705399
-0.0269260928034782,0.0340115875005722,0.0513057261705399
-0.0269260928034782,0.0360153391957283,0.0533381402492523
-0.0228918194770813,0.0360153391957283,-0.0279582925140858
-0.0228918194770813,0.0340115875005722,-0.0259258821606636
-0.0228918194770813,0.0340115875005722,-0.0218610614538193
-0.0228918194770813,0.0360153391957283,-0.0198286473751068
-0.0228918194770813,0.0360153391957283,0.0411436706781387
-0.0228918194770813,0.0340115875005722,0.0431760847568512
-0.0228918194770813,0.0340115875005722,0.0472409129142761
-0.0228918194770813,0.0340115875005722,0.0513057261705399
-0.0228918194770813,0.0360153391957283,0.0533381402492523
-0.0188575387001038,0.0360153391957283,-0.0279582925140858
-0.0188575387001038,0.0340115875005722,-0.0259258821606636
-0.0188575387001038,0.0340115875005722,-0.0218610614538193
-0.0188575387001038,0.0360153391957283,-0.0198286473751068
-0.0188575387001038,0.0360153391957283,0.0411436706781387
-0.0188575387001038,0.0340115875005722,0.0431760847568512
-0.0188575387001038,0.0340115875005722,0.0472409129142761
-0.0188575387001038,0.0340115875005722,0.0513057261705399
-0.0188575387001038,0.0360153391957283,0.0533381402492523
-0.0148232579231262,0.0360153391957283,-0.0279582925140858
-0.0148232579231262,0.0340115875005722,-0.0259258821606636
-0.0148232579231262,0.0340115875005722,-0.0218610614538193
-0.0148232579231262,0.0360153391957283,-0.0198286473751068
-0.0148232579231262,0.0360153391957283,0.0411436706781387
-0.0148232579231262,0.0340115875005722,0.0431760847568512
-0.0148232579231262,0.0340115875005722,0.0472409129142761
-0.0148232579231262,0.0360153391957283,0.0492733120918274
-0.016840398311615,0.0360153391957283,0.0513057261705399
-0.0128061175346375,0.0360153391957283,-0.0259258821606636
-0.0107889771461487,0.0360153391957283,-0.0238934755325317
-0.0107889771461487,0.0340115875005722,-0.0218610614538193
-0.0128061175346375,0.0360153391957283,-0.0177962407469749
-0.0107889771461487,0.0340115875005722,-0.0177962407469749
-0.0107889771461487,0.0360153391957283,-0.0157638266682625
-0.0107889771461487,0.0360153391957283,0.0411436706781387
-0.0107889771461487,0.0340115875005722,0.0431760847568512
-0.0107889771461487,0.0340115875005722,0.0472409129142761
-0.0107889771461487,0.0360153391957283,0.0492733120918274
-0.00675470381975174,0.0360153391957283,-0.0238934755325317
-0.00675470381975174,0.0340115875005722,-0.0218610614538193
-0.00675470381975174,0.0340115875005722,-0.0177962407469749
-0.00675470381975174,0.0360153391957283,-0.0157638266682625
-0.00675470381975174,0.0360153391957283,0.0370788499712944
-0.00675470381975174,0.0340115875005722,0.0391112565994263
-0.00877184420824051,0.0360153391957283,0.0391112565994263
-0.00675470381975174,0.0340115875005722,0.0431760847568512
-0.00675470381975174,0.0340115875005722,0.0472409129142761
-0.00675470381975174,0.0360153391957283,0.0492733120918274
-0.0027204230427742,0.0360153391957283,-0.0238934755325317
-0.0027204230427742,0.0340115875005722,-0.0218610614538193
-0.0027204230427742,0.0340115875005722,-0.0177962407469749
-0.0027204230427742,0.0360153391957283,-0.0157638266682625
-0.0027204230427742,0.0360153391957283,0.0370788499712944
-0.0027204230427742,0.0340115875005722,0.0391112565994263
-0.0027204230427742,0.0340115875005722,0.0431760847568512
-0.0027204230427742,0.0340115875005722,0.0472409129142761
-0.0027204230427742,0.0360153391957283,0.0492733120918274
0.00131385773420334,0.0360153391957283,-0.0238934755325317
0.00131385773420334,0.0340115875005722,-0.0218610614538193
0.00131385773420334,0.0340115875005722,-0.0177962407469749
0.00131385773420334,0.0360153391957283,-0.0157638266682625
0.00131385773420334,0.0360153391957283,0.00456027686595917
0.00131385773420334,0.0340115875005722,0.00659269094467163
-0.000703282654285431,0.0360153391957283,0.00659269094467163
0.00131385773420334,0.0340115875005722,0.010657511651516
-0.000703282654285431,0.0360153391957283,0.010657511651516
0.00131385773420334,0.0340115875005722,0.0147223323583603
-0.000703282654285431,0.0360153391957283,0.0147223323583603
0.00131385773420334,0.0340115875005722,0.0187871530652046
-0.000703282654285431,0.0360153391957283,0.0187871530652046
0.00131385773420334,0.0360153391957283,0.0208195671439171
0.00131385773420334,0.0360153391957283,0.0370788499712944
0.00131385773420334,0.0340115875005722,0.0391112565994263
0.00131385773420334,0.0340115875005722,0.0431760847568512
0.00131385773420334,0.0360153391957283,0.0452084988355637
-0.000703282654285431,0.0360153391957283,0.0472409129142761
0.00534813106060028,0.0360153391957283,-0.0238934755325317
0.00534813106060028,0.0340115875005722,-0.0218610614538193
0.00534813106060028,0.0340115875005722,-0.0177962407469749
0.00534813106060028,0.0360153391957283,-0.0157638266682625
0.00534813106060028,0.0360153391957283,-0.00356936454772949
0.00534813106060028,0.0340115875005722,-0.00153695046901703
0.00333099067211151,0.0360153391957283,-0.00153695046901703
0.00534813106060028,0.0340115875005722,0.0025278702378273
0.00333099067211151,0.0360153391957283,0.0025278702378273
0.00534813106060028,0.0340115875005722,0.00659269094467163
0.00534813106060028,0.0340115875005722,0.010657511651516
0.00534813106060028,0.0340115875005722,0.0147223323583603
0.00534813106060028,0.0340115875005722,0.0187871530652046
0.00333099067211151,0.0360153391957283,0.022851973772049
0.00534813106060028,0.0340115875005722,0.022851973772049
0.00534813106060028,0.0360153391957283,0.0248843878507614
0.00534813106060028,0.0360153391957283,0.0330140292644501
0.00534813106060028,0.0340115875005722,0.0350464433431625
0.00333099067211151,0.0360153391957283,0.0350464433431625
0.00534813106060028,0.0340115875005722,0.0391112565994263
0.00534813106060028,0.0340115875005722,0.0431760847568512
0.00534813106060028,0.0360153391957283,0.0452084988355637
0.00938241183757782,0.0360153391957283,-0.0238934755325317
0.00938241183757782,0.0340115875005722,-0.0218610614538193
0.00938241183757782,0.0340115875005722,-0.0177962407469749
0.00736527144908905,0.0360153391957283,-0.0137314200401306
0.00938241183757782,0.0340115875005722,-0.0137314200401306
0.00938241183757782,0.0340115875005722,-0.00966659933328629
0.00736527144908905,0.0360153391957283,-0.00966659933328629
0.00938241183757782,0.0340115875005722,-0.00560177862644196
0.00736527144908905,0.0360153391957283,-0.00560177862644196
0.00938241183757782,0.0340115875005722,-0.00153695046901703
0.00938241183757782,0.0340115875005722,0.0025278702378273
0.00938241183757782,0.0360153391957283,0.00456027686595917
0.00736527144908905,0.0360153391957283,0.00659269094467163
0.00938241183757782,0.0360153391957283,0.0086250975728035
0.00938241183757782,0.0340115875005722,0.0147223323583603
0.00938241183757782,0.0340115875005722,0.0187871530652046
0.00938241183757782,0.0340115875005722,0.022851973772049
0.00736527144908905,0.0360153391957283,0.0269168019294739
0.00938241183757782,0.0340115875005722,0.0269168019294739
0.00938241183757782,0.0360153391957283,0.0289492085576057
0.00938241183757782,0.0360153391957283,0.0330140292644501
0.00938241183757782,0.0340115875005722,0.0350464433431625
0.00938241183757782,0.0340115875005722,0.0391112565994263
0.00938241183757782,0.0340115875005722,0.0431760847568512
0.00938241183757782,0.0360153391957283,0.0452084988355637
0.0113995522260666,0.0360153391957283,-0.0218610614538193
0.0134166926145554,0.0360153391957283,-0.0198286473751068
0.0134166926145554,0.0340115875005722,-0.0177962407469749
0.0134166926145554,0.0340115875005722,-0.0137314200401306
0.0134166926145554,0.0340115875005722,-0.00966659933328629
0.0134166926145554,0.0340115875005722,-0.00560177862644196
0.0134166926145554,0.0340115875005722,-0.00153695046901703
0.0134166926145554,0.0340115875005722,0.0025278702378273
0.0134166926145554,0.0360153391957283,0.00456027686595917
0.0113995522260666,0.0360153391957283,0.010657511651516
0.0134166926145554,0.0340115875005722,0.0147223323583603
0.0134166926145554,0.0360153391957283,0.0126899257302284
0.0134166926145554,0.0340115875005722,0.0187871530652046
0.0134166926145554,0.0340115875005722,0.022851973772049
0.0134166926145554,0.0340115875005722,0.0269168019294739
0.0113995522260666,0.0360153391957283,0.0309816226363182
0.0134166926145554,0.0340115875005722,0.0309816226363182
0.0134166926145554,0.0340115875005722,0.0350464433431625
0.0134166926145554,0.0340115875005722,0.0391112565994263
0.0134166926145554,0.0340115875005722,0.0431760847568512
0.0134166926145554,0.0360153391957283,0.0452084988355637
0.0154338330030441,0.0360153391957283,-0.0177962407469749
0.0174509733915329,0.0360153391957283,-0.0157638266682625
0.0174509733915329,0.0340115875005722,-0.0137314200401306
0.0174509733915329,0.0340115875005722,-0.00966659933328629
0.0174509733915329,0.0340115875005722,-0.00560177862644196
0.0174509733915329,0.0340115875005722,-0.00153695046901703
0.0174509733915329,0.0340115875005722,0.0025278702378273
0.0174509733915329,0.0360153391957283,0.00456027686595917
0.0154338330030441,0.0360153391957283,0.0147223323583603
0.0154338330030441,0.0360153391957283,0.0187871530652046
0.0174509733915329,0.0360153391957283,0.0208195671439171
0.0174509733915329,0.0340115875005722,0.022851973772049
0.0174509733915329,0.0340115875005722,0.0269168019294739
0.0174509733915329,0.0340115875005722,0.0309816226363182
0.0174509733915329,0.0340115875005722,0.0350464433431625
0.0174509733915329,0.0340115875005722,0.0391112565994263
0.0174509733915329,0.0360153391957283,0.0411436706781387
0.0154338330030441,0.0360153391957283,0.0431760847568512
0.0194681137800217,0.0360153391957283,-0.0137314200401306
0.0194681137800217,0.0360153391957283,-0.00966659933328629
0.0194681137800217,0.0360153391957283,-0.00560177862644196
0.0214852541685104,0.0360153391957283,-0.00356936454772949
0.0214852541685104,0.0340115875005722,-0.00153695046901703
0.0214852541685104,0.0340115875005722,0.0025278702378273
0.0194681137800217,0.0360153391957283,0.00659269094467163
0.0214852541685104,0.0340115875005722,0.00659269094467163
0.0214852541685104,0.0360153391957283,0.0086250975728035
0.0214852541685104,0.0360153391957283,0.0167547464370728
0.0214852541685104,0.0340115875005722,0.0187871530652046
0.0194681137800217,0.0360153391957283,0.0187871530652046
0.0214852541685104,0.0340115875005722,0.022851973772049
0.0214852541685104,0.0340115875005722,0.0269168019294739
0.0214852541685104,0.0360153391957283,0.0289492085576057
0.0194681137800217,0.0360153391957283,0.0309816226363182
0.0194681137800217,0.0360153391957283,0.0350464433431625
0.0194681137800217,0.0360153391957283,0.0391112565994263
0.023502379655838,0.0360153391957283,-0.00153695046901703
0.0255195200443268,0.0360153391957283,0.000495456159114838
0.0255195200443268,0.0340115875005722,0.0025278702378273
0.0255195200443268,0.0340115875005722,0.00659269094467163
0.023502379655838,0.0360153391957283,0.010657511651516
0.0255195200443268,0.0340115875005722,0.010657511651516
0.0255195200443268,0.0340115875005722,0.0147223323583603
0.023502379655838,0.0360153391957283,0.0147223323583603
0.0255195200443268,0.0340115875005722,0.0187871530652046
0.0255195200443268,0.0340115875005722,0.022851973772049
0.0255195200443268,0.0360153391957283,0.0248843878507614
0.023502379655838,0.0360153391957283,0.0269168019294739
0.0275366604328156,0.0360153391957283,0.0025278702378273
0.0295538008213043,0.0360153391957283,0.00456027686595917
0.0295538008213043,0.0340115875005722,0.00659269094467163
0.0295538008213043,0.0340115875005722,0.010657511651516
0.0295538008213043,0.0340115875005722,0.0147223323583603
0.0295538008213043,0.0340115875005722,0.0187871530652046
0.0295538008213043,0.0360153391957283,0.0208195671439171
0.0275366604328156,0.0360153391957283,0.022851973772049
0.0315709412097931,0.0360153391957283,0.00659269094467163
0.0335880815982819,0.0360153391957283,0.0086250975728035
0.0335880815982819,0.0340115875005722,0.010657511651516
0.0335880815982819,0.0360153391957283,0.0126899257302284
0.0315709412097931,0.0360153391957283,0.0147223323583603
0.0315709412097931,0.0360153391957283,0.0187871530652046
0.0356052219867706,0.0360153391957283,0.010657511651516
-0.0713031589984894,0.0380190908908844,0.0025278702378273
-0.0713031589984894,0.0400228463113308,0.00456027686595917
-0.0733202993869781,0.0400228463113308,0.00659269094467163
-0.0713031589984894,0.0400228463113308,0.0086250975728035
-0.0672688782215118,0.0380190908908844,-0.00560177862644196
-0.0672688782215118,0.0400228463113308,-0.00356936454772949
-0.0692860186100006,0.0400228463113308,-0.00153695046901703
-0.0692860186100006,0.0400228463113308,0.0025278702378273
-0.0692860186100006,0.0400228463113308,0.010657511651516
-0.0672688782215118,0.0400228463113308,0.0126899257302284
-0.0652517378330231,0.0400228463113308,-0.00560177862644196
-0.0632345974445343,0.0400228463113308,-0.00763418525457382
-0.0652517378330231,0.0400228463113308,0.0147223323583603
-0.0632345974445343,0.0400228463113308,0.0167547464370728
-0.0632345974445343,0.0380190908908844,0.022851973772049
-0.0632345974445343,0.0400228463113308,0.0248843878507614
-0.0652517378330231,0.0400228463113308,0.0269168019294739
-0.0652517378330231,0.0400228463113308,0.0309816226363182
-0.0652517378330231,0.0400228463113308,0.0350464433431625
-0.0652517378330231,0.0400228463113308,0.0391112565994263
-0.0632345974445343,0.0400228463113308,0.0411436706781387
-0.0592003203928471,0.0380190908908844,-0.00966659933328629
-0.0592003203928471,0.0400228463113308,-0.00763418525457382
-0.0612174607813358,0.0400228463113308,0.0187871530652046
-0.0612174607813358,0.0400228463113308,0.022851973772049
-0.0612174607813358,0.0400228463113308,0.0431760847568512
-0.0592003203928471,0.0400228463113308,0.0452084988355637
-0.0571831837296486,0.0400228463113308,-0.00966659933328629
-0.0551660433411598,0.0400228463113308,-0.0116990059614182
-0.0551660433411598,0.0400228463113308,0.0452084988355637
-0.0511317625641823,0.0400228463113308,-0.0116990059614182
-0.0511317625641823,0.0400228463113308,0.0452084988355637
-0.0470974892377853,0.0380190908908844,-0.0137314200401306
-0.0470974892377853,0.0400228463113308,-0.0116990059614182
-0.0470974892377853,0.0380190908908844,0.010657511651516
-0.0470974892377853,0.0400228463113308,0.0126899257302284
-0.0491146221756935,0.0400228463113308,0.0147223323583603
-0.0470974892377853,0.0400228463113308,0.0167547464370728
-0.0470974892377853,0.0400228463113308,0.0452084988355637
-0.0430632084608078,0.0380190908908844,-0.0259258821606636
-0.0430632084608078,0.0400228463113308,-0.0238934755325317
-0.0450803488492966,0.0400228463113308,-0.0218610614538193
-0.0450803488492966,0.0400228463113308,-0.0177962407469749
-0.0450803488492966,0.0400228463113308,-0.0137314200401306
-0.0430632084608078,0.0380190908908844,0.010657511651516
-0.0430632084608078,0.0400228463113308,0.0126899257302284
-0.0450803488492966,0.0400228463113308,0.0187871530652046
-0.0430632084608078,0.0400228463113308,0.0208195671439171
-0.0430632084608078,0.0400228463113308,0.0452084988355637
-0.041046068072319,0.0400228463113308,-0.0259258821606636
-0.0390289276838303,0.0400228463113308,-0.0279582925140858
-0.0390289276838303,0.0380190908908844,-0.00966659933328629
-0.0390289276838303,0.0380190908908844,-0.00560177862644196
-0.0390289276838303,0.0380190908908844,0.010657511651516
-0.041046068072319,0.0400228463113308,0.0147223323583603
-0.0390289276838303,0.0380190908908844,0.0147223323583603
-0.0390289276838303,0.0380190908908844,0.0187871530652046
-0.041046068072319,0.0400228463113308,0.0187871530652046
-0.0390289276838303,0.0400228463113308,0.0411436706781387
-0.041046068072319,0.0400228463113308,0.0431760847568512
-0.0349946543574333,0.0380190908908844,-0.0299907028675079
-0.0349946543574333,0.0400228463113308,-0.0279582925140858
-0.0349946543574333,0.0380190908908844,-0.0137314200401306
-0.0349946543574333,0.0380190908908844,-0.00966659933328629
-0.0349946543574333,0.0380190908908844,-0.00560177862644196
-0.0349946543574333,0.0380190908908844,-0.00153695046901703
-0.0370117872953415,0.0400228463113308,0.0431760847568512
-0.0349946543574333,0.0380190908908844,0.0472409129142761
-0.0370117872953415,0.0400228463113308,0.0472409129142761
-0.0349946543574333,0.0400228463113308,0.0492733120918274
-0.0329775139689445,0.0400228463113308,-0.0299907028675079
-0.0309603735804558,0.0400228463113308,-0.0320231169462204
-0.0309603735804558,0.0380190908908844,-0.0177962407469749
-0.0309603735804558,0.0380190908908844,-0.0137314200401306
-0.0309603735804558,0.0380190908908844,-0.00966659933328629
-0.0309603735804558,0.0380190908908844,-0.00560177862644196
-0.0309603735804558,0.0380190908908844,-0.00153695046901703
-0.0309603735804558,0.0380190908908844,0.0025278702378273
-0.0309603735804558,0.0380190908908844,0.00659269094467163
-0.0309603735804558,0.0380190908908844,0.0269168019294739
-0.0309603735804558,0.0380190908908844,0.0309816226363182
-0.0309603735804558,0.0380190908908844,0.0350464433431625
-0.0329775139689445,0.0400228463113308,0.0513057261705399
-0.0309603735804558,0.0380190908908844,0.0513057261705399
-0.0309603735804558,0.0400228463113308,0.0533381402492523
-0.028943233191967,0.0400228463113308,-0.0299907028675079
-0.0269260928034782,0.0400228463113308,-0.0279582925140858
-0.0269260928034782,0.0380190908908844,-0.0177962407469749
-0.0269260928034782,0.0380190908908844,-0.0137314200401306
-0.0269260928034782,0.0380190908908844,-0.00966659933328629
-0.0269260928034782,0.0380190908908844,-0.00560177862644196
-0.0269260928034782,0.0380190908908844,-0.00153695046901703
-0.0269260928034782,0.0380190908908844,0.0025278702378273
-0.0269260928034782,0.0380190908908844,0.00659269094467163
-0.0269260928034782,0.0380190908908844,0.010657511651516
-0.0269260928034782,0.0380190908908844,0.0147223323583603
-0.0269260928034782,0.0380190908908844,0.0187871530652046
-0.0269260928034782,0.0380190908908844,0.022851973772049
-0.0269260928034782,0.0380190908908844,0.0269168019294739
-0.0269260928034782,0.0380190908908844,0.0309816226363182
-0.0269260928034782,0.0380190908908844,0.0350464433431625
-0.0269260928034782,0.0380190908908844,0.0391112565994263
-0.0269260928034782,0.0400228463113308,0.0533381402492523
-0.0228918194770813,0.0400228463113308,-0.0279582925140858
-0.0228918194770813,0.0380190908908844,-0.0177962407469749
-0.0228918194770813,0.0380190908908844,-0.0137314200401306
-0.0228918194770813,0.0380190908908844,-0.00966659933328629
-0.0228918194770813,0.0380190908908844,-0.00560177862644196
-0.0228918194770813,0.0380190908908844,-0.00153695046901703
-0.0228918194770813,0.0380190908908844,0.0025278702378273
-0.0228918194770813,0.0380190908908844,0.00659269094467163
-0.0228918194770813,0.0380190908908844,0.010657511651516
-0.0228918194770813,0.0380190908908844,0.0147223323583603
-0.0228918194770813,0.0380190908908844,0.0187871530652046
-0.0228918194770813,0.0380190908908844,0.022851973772049
-0.0228918194770813,0.0380190908908844,0.0269168019294739
-0.0228918194770813,0.0380190908908844,0.0309816226363182
-0.0228918194770813,0.0380190908908844,0.0350464433431625
-0.0228918194770813,0.0380190908908844,0.0391112565994263
-0.0228918194770813,0.0400228463113308,0.0533381402492523
-0.0188575387001038,0.0400228463113308,-0.0279582925140858
-0.0188575387001038,0.0380190908908844,-0.0177962407469749
-0.0188575387001038,0.0380190908908844,-0.0137314200401306
-0.0188575387001038,0.0380190908908844,-0.00966659933328629
-0.0188575387001038,0.0380190908908844,-0.00560177862644196
-0.0188575387001038,0.0380190908908844,-0.00153695046901703
-0.0188575387001038,0.0380190908908844,0.0025278702378273
-0.0188575387001038,0.0380190908908844,0.00659269094467163
-0.0188575387001038,0.0380190908908844,0.010657511651516
-0.0188575387001038,0.0380190908908844,0.0147223323583603
-0.0188575387001038,0.0380190908908844,0.0187871530652046
-0.0188575387001038,0.0380190908908844,0.022851973772049
-0.0188575387001038,0.0380190908908844,0.0269168019294739
-0.0188575387001038,0.0380190908908844,0.0309816226363182
-0.0188575387001038,0.0380190908908844,0.0350464433431625
-0.0188575387001038,0.0380190908908844,0.0391112565994263
-0.0188575387001038,0.0400228463113308,0.0533381402492523
-0.0148232579231262,0.0400228463113308,-0.0279582925140858
-0.0148232579231262,0.0380190908908844,-0.0177962407469749
-0.0148232579231262,0.0380190908908844,-0.0137314200401306
-0.0148232579231262,0.0380190908908844,-0.00966659933328629
-0.0148232579231262,0.0380190908908844,-0.00560177862644196
-0.0148232579231262,0.0380190908908844,-0.00153695046901703
-0.0148232579231262,0.0380190908908844,0.0025278702378273
-0.0148232579231262,0.0380190908908844,0.00659269094467163
-0.0148232579231262,0.0380190908908844,0.010657511651516
-0.0148232579231262,0.0380190908908844,0.0147223323583603
-0.0148232579231262,0.0380190908908844,0.0187871530652046
-0.0148232579231262,0.0380190908908844,0.022851973772049
-0.0148232579231262,0.0380190908908844,0.0269168019294739
-0.0148232579231262,0.0380190908908844,0.0309816226363182
-0.0148232579231262,0.0380190908908844,0.0350464433431625
-0.0148232579231262,0.0380190908908844,0.0391112565994263
-0.0148232579231262,0.0400228463113308,0.0411436706781387
-0.016840398311615,0.0400228463113308,0.0431760847568512
-0.0148232579231262,0.0380190908908844,0.0431760847568512
-0.0148232579231262,0.0400228463113308,0.0452084988355637
-0.0148232579231262,0.0380190908908844,0.0513057261705399
-0.0148232579231262,0.0400228463113308,0.0533381402492523
-0.0107889771461487,0.0380190908908844,-0.0259258821606636
-0.0107889771461487,0.0400228463113308,-0.0279582925140858
-0.0107889771461487,0.0380190908908844,-0.0137314200401306
-0.0107889771461487,0.0380190908908844,-0.00966659933328629
-0.0107889771461487,0.0380190908908844,-0.00560177862644196
-0.0107889771461487,0.0380190908908844,-0.00153695046901703
-0.0107889771461487,0.0380190908908844,0.0025278702378273
-0.0107889771461487,0.0380190908908844,0.00659269094467163
-0.0107889771461487,0.0380190908908844,0.010657511651516
-0.0107889771461487,0.0380190908908844,0.0147223323583603
-0.0107889771461487,0.0380190908908844,0.0187871530652046
-0.0107889771461487,0.0380190908908844,0.022851973772049
-0.0107889771461487,0.0380190908908844,0.0269168019294739
-0.0107889771461487,0.0380190908908844,0.0309816226363182
-0.0107889771461487,0.0380190908908844,0.0350464433431625
-0.0107889771461487,0.0380190908908844,0.0391112565994263
-0.0107889771461487,0.0380190908908844,0.0431760847568512
-0.0107889771461487,0.0400228463113308,0.0411436706781387
-0.0107889771461487,0.0400228463113308,0.0452084988355637
-0.0107889771461487,0.0400228463113308,0.0492733120918274
-0.0128061175346375,0.0400228463113308,0.0513057261705399
-0.00877184420824051,0.0400228463113308,-0.0259258821606636
-0.00675470381975174,0.0400228463113308,-0.0238934755325317
-0.00675470381975174,0.0380190908908844,-0.0137314200401306
-0.00675470381975174,0.0380190908908844,-0.00966659933328629
-0.00675470381975174,0.0380190908908844,-0.00560177862644196
-0.00675470381975174,0.0380190908908844,-0.00153695046901703
-0.00675470381975174,0.0380190908908844,0.0025278702378273
-0.00675470381975174,0.0380190908908844,0.00659269094467163
-0.00675470381975174,0.0380190908908844,0.010657511651516
-0.00675470381975174,0.0380190908908844,0.0147223323583603
-0.00675470381975174,0.0380190908908844,0.0187871530652046
-0.00675470381975174,0.0380190908908844,0.022851973772049
-0.00675470381975174,0.0380190908908844,0.0269168019294739
-0.00675470381975174,0.0380190908908844,0.0309816226363182
-0.00675470381975174,0.0380190908908844,0.0350464433431625
-0.00877184420824051,0.0400228463113308,0.0431760847568512
-0.00675470381975174,0.0400228463113308,0.0492733120918274
-0.0027204230427742,0.0400228463113308,-0.0238934755325317
-0.0027204230427742,0.0380190908908844,-0.0137314200401306
-0.0027204230427742,0.0380190908908844,-0.00966659933328629
-0.0027204230427742,0.0380190908908844,-0.00560177862644196
-0.0027204230427742,0.0380190908908844,-0.00153695046901703
-0.0027204230427742,0.0380190908908844,0.0025278702378273
-0.0027204230427742,0.0380190908908844,0.00659269094467163
-0.0027204230427742,0.0380190908908844,0.010657511651516
-0.0027204230427742,0.0380190908908844,0.0147223323583603
-0.0027204230427742,0.0380190908908844,0.0187871530652046
-0.0027204230427742,0.0380190908908844,0.022851973772049
-0.0027204230427742,0.0380190908908844,0.0269168019294739
-0.0027204230427742,0.0380190908908844,0.0309816226363182
-0.0027204230427742,0.0380190908908844,0.0350464433431625
-0.0027204230427742,0.0400228463113308,0.0492733120918274
0.00131385773420334,0.0400228463113308,-0.0238934755325317
0.00131385773420334,0.0380190908908844,-0.0137314200401306
0.00131385773420334,0.0380190908908844,-0.00966659933328629
0.00131385773420334,0.0380190908908844,-0.00560177862644196
0.00131385773420334,0.0380190908908844,-0.00153695046901703
0.00131385773420334,0.0380190908908844,0.0025278702378273
0.00131385773420334,0.0380190908908844,0.022851973772049
0.00131385773420334,0.0380190908908844,0.0269168019294739
0.00131385773420334,0.0380190908908844,0.0309816226363182
0.00131385773420334,0.0380190908908844,0.0350464433431625
0.00131385773420334,0.0400228463113308,0.0370788499712944
-0.000703282654285431,0.0400228463113308,0.0391112565994263
0.00131385773420334,0.0380190908908844,0.0391112565994263
0.00131385773420334,0.0400228463113308,0.0411436706781387
0.00131385773420334,0.0400228463113308,0.0452084988355637
-0.000703282654285431,0.0400228463113308,0.0472409129142761
0.00534813106060028,0.0400228463113308,-0.0238934755325317
0.00534813106060028,0.0380190908908844,-0.0137314200401306
0.00534813106060028,0.0380190908908844,-0.00966659933328629
0.00534813106060028,0.0380190908908844,-0.00560177862644196
0.00534813106060028,0.0380190908908844,0.0269168019294739
0.00534813106060028,0.0380190908908844,0.0309816226363182
0.00534813106060028,0.0380190908908844,0.0391112565994263
0.00534813106060028,0.0400228463113308,0.0370788499712944
0.00534813106060028,0.0400228463113308,0.0411436706781387
0.00534813106060028,0.0400228463113308,0.0452084988355637
0.00938241183757782,0.0400228463113308,-0.0238934755325317
0.00938241183757782,0.0400228463113308,0.00456027686595917
0.00736527144908905,0.0400228463113308,0.00659269094467163
0.00736527144908905,0.0400228463113308,0.010657511651516
0.00938241183757782,0.0380190908908844,0.010657511651516
0.00938241183757782,0.0400228463113308,0.0126899257302284
0.00938241183757782,0.0380190908908844,0.0309816226363182
0.00736527144908905,0.0400228463113308,0.0391112565994263
0.00938241183757782,0.0400228463113308,0.0452084988355637
0.0134166926145554,0.0380190908908844,-0.0218610614538193
0.0134166926145554,0.0400228463113308,-0.0238934755325317
0.0113995522260666,0.0400228463113308,0.00659269094467163
0.0134166926145554,0.0380190908908844,0.00659269094467163
0.0134166926145554,0.0400228463113308,0.0086250975728035
0.0134166926145554,0.0400228463113308,0.0126899257302284
0.0134166926145554,0.0400228463113308,0.0452084988355637
0.0154338330030441,0.0400228463113308,-0.0218610614538193
0.0174509733915329,0.0400228463113308,-0.0198286473751068
0.0174509733915329,0.0380190908908844,-0.0177962407469749
0.0174509733915329,0.0380190908908844,0.00659269094467163
0.0154338330030441,0.0400228463113308,0.010657511651516
0.0174509733915329,0.0380190908908844,0.010657511651516
0.0174509733915329,0.0380190908908844,0.0147223323583603
0.0174509733915329,0.0380190908908844,0.0187871530652046
0.0174509733915329,0.0380190908908844,0.0431760847568512
0.0174509733915329,0.0400228463113308,0.0452084988355637
0.0194681137800217,0.0400228463113308,-0.0177962407469749
0.0194681137800217,0.0400228463113308,-0.0137314200401306
0.0194681137800217,0.0400228463113308,-0.00966659933328629
0.0214852541685104,0.0380190908908844,-0.00560177862644196
0.0214852541685104,0.0400228463113308,-0.00763418525457382
0.0214852541685104,0.0380190908908844,0.010657511651516
0.0214852541685104,0.0380190908908844,0.0147223323583603
0.0214852541685104,0.0380190908908844,0.0309816226363182
0.0214852541685104,0.0380190908908844,0.0350464433431625
0.0214852541685104,0.0380190908908844,0.0391112565994263
0.0214852541685104,0.0400228463113308,0.0411436706781387
0.0194681137800217,0.0400228463113308,0.0431760847568512
0.023502379655838,0.0400228463113308,-0.00560177862644196
0.0255195200443268,0.0400228463113308,-0.00356936454772949
0.0255195200443268,0.0380190908908844,-0.00153695046901703
0.0255195200443268,0.0380190908908844,0.0269168019294739
0.0255195200443268,0.0380190908908844,0.0309816226363182
0.0255195200443268,0.0400228463113308,0.0330140292644501
0.023502379655838,0.0400228463113308,0.0350464433431625
0.023502379655838,0.0400228463113308,0.0391112565994263
0.0295538008213043,0.0400228463113308,-0.00356936454772949
0.0295538008213043,0.0380190908908844,-0.00153695046901703
0.0295538008213043,0.0380190908908844,0.0025278702378273
0.0295538008213043,0.0380190908908844,0.022851973772049
0.0295538008213043,0.0380190908908844,0.0269168019294739
0.0295538008213043,0.0400228463113308,0.0289492085576057
0.0275366604328156,0.0400228463113308,0.0309816226363182
0.0335880815982819,0.0400228463113308,-0.00356936454772949
0.0335880815982819,0.0380190908908844,-0.00153695046901703
0.0335880815982819,0.0380190908908844,0.0025278702378273
0.0335880815982819,0.0380190908908844,0.00659269094467163
0.0335880815982819,0.0380190908908844,0.0147223323583603
0.0335880815982819,0.0380190908908844,0.0187871530652046
0.0335880815982819,0.0380190908908844,0.022851973772049
0.0335880815982819,0.0400228463113308,0.0248843878507614
0.0315709412097931,0.0400228463113308,0.0269168019294739
0.0356052219867706,0.0400228463113308,-0.00153695046901703
0.0376223623752594,0.0400228463113308,0.000495456159114838
0.0376223623752594,0.0380190908908844,0.0025278702378273
0.0376223623752594,0.0380190908908844,0.00659269094467163
0.0376223623752594,0.0380190908908844,0.010657511651516
0.0376223623752594,0.0380190908908844,0.0147223323583603
0.0376223623752594,0.0380190908908844,0.0187871530652046
0.0376223623752594,0.0380190908908844,0.022851973772049
0.0376223623752594,0.0400228463113308,0.0248843878507614
0.0396395027637482,0.0400228463113308,0.0025278702378273
0.0416566431522369,0.0400228463113308,0.00456027686595917
0.0416566431522369,0.0380190908908844,0.00659269094467163
0.0416566431522369,0.0380190908908844,0.010657511651516
0.0416566431522369,0.0380190908908844,0.0147223323583603
0.0416566431522369,0.0400228463113308,0.0167547464370728
0.0396395027637482,0.0400228463113308,0.0187871530652046
0.0396395027637482,0.0400228463113308,0.022851973772049
0.0436737835407257,0.0400228463113308,0.00659269094467163
0.0436737835407257,0.0400228463113308,0.010657511651516
0.0436737835407257,0.0400228463113308,0.0147223323583603
-0.0713031589984894,0.0420265980064869,0.00659269094467163
-0.0672688782215118,0.0420265980064869,-0.00153695046901703
-0.0672688782215118,0.0440303534269333,0.000495456159114838
-0.0692860186100006,0.0440303534269333,0.0025278702378273
-0.0692860186100006,0.0440303534269333,0.00659269094467163
-0.0672688782215118,0.0420265980064869,0.010657511651516
-0.0672688782215118,0.0440303534269333,0.0086250975728035
-0.0632345974445343,0.0420265980064869,-0.00560177862644196
-0.0632345974445343,0.0440303534269333,-0.00356936454772949
-0.0652517378330231,0.0440303534269333,-0.00153695046901703
-0.0652517378330231,0.0440303534269333,0.010657511651516
-0.0632345974445343,0.0420265980064869,0.0147223323583603
-0.0632345974445343,0.0440303534269333,0.0126899257302284
-0.0632345974445343,0.0420265980064869,0.0269168019294739
-0.0632345974445343,0.0440303534269333,0.0289492085576057
-0.0652517378330231,0.0440303534269333,0.0309816226363182
-0.0652517378330231,0.0440303534269333,0.0350464433431625
-0.0632345974445343,0.0420265980064869,0.0391112565994263
-0.0632345974445343,0.0440303534269333,0.0370788499712944
-0.0612174607813358,0.0440303534269333,-0.00560177862644196
-0.0592003203928471,0.0440303534269333,-0.00763418525457382
-0.0592003203928471,0.0420265980064869,0.0147223323583603
-0.0592003203928471,0.0440303534269333,0.0126899257302284
-0.0592003203928471,0.0420265980064869,0.0187871530652046
-0.0592003203928471,0.0420265980064869,0.022851973772049
-0.0592003203928471,0.0440303534269333,0.0248843878507614
-0.0612174607813358,0.0440303534269333,0.0269168019294739
-0.0612174607813358,0.0440303534269333,0.0391112565994263
-0.0612174607813358,0.0440303534269333,0.0431760847568512
-0.0592003203928471,0.0440303534269333,0.0452084988355637
-0.0551660433411598,0.0420265980064869,-0.00966659933328629
-0.0551660433411598,0.0440303534269333,-0.00763418525457382
-0.0571831837296486,0.0440303534269333,0.0147223323583603
-0.0551660433411598,0.0420265980064869,0.0187871530652046
-0.0551660433411598,0.0440303534269333,0.0167547464370728
-0.0551660433411598,0.0440303534269333,0.0208195671439171
-0.0571831837296486,0.0440303534269333,0.022851973772049
-0.0551660433411598,0.0440303534269333,0.0452084988355637
-0.0511317625641823,0.0420265980064869,-0.00966659933328629
-0.0511317625641823,0.0440303534269333,-0.00763418525457382
-0.0531489029526711,0.0440303534269333,0.0187871530652046
-0.0511317625641823,0.0440303534269333,0.0452084988355637
-0.0491146221756935,0.0440303534269333,-0.00966659933328629
-0.0470974892377853,0.0440303534269333,-0.0116990059614182
-0.0470974892377853,0.0420265980064869,0.0147223323583603
-0.0470974892377853,0.0440303534269333,0.0411436706781387
-0.0491146221756935,0.0440303534269333,0.0431760847568512
-0.0470974892377853,0.0420265980064869,0.0431760847568512
-0.0430632084608078,0.0420265980064869,-0.0218610614538193
-0.0430632084608078,0.0420265980064869,-0.0177962407469749
-0.0430632084608078,0.0440303534269333,-0.0157638266682625
-0.0450803488492966,0.0440303534269333,-0.0137314200401306
-0.0430632084608078,0.0420265980064869,0.0147223323583603
-0.0430632084608078,0.0420265980064869,0.0187871530652046
-0.0430632084608078,0.0420265980064869,0.0431760847568512
-0.0430632084608078,0.0440303534269333,0.0411436706781387
-0.0390289276838303,0.0420265980064869,-0.0259258821606636
-0.0390289276838303,0.0440303534269333,-0.0238934755325317
-0.041046068072319,0.0440303534269333,-0.0218610614538193
-0.041046068072319,0.0440303534269333,-0.0177962407469749
-0.0390289276838303,0.0440303534269333,0.0411436706781387
-0.0370117872953415,0.0440303534269333,-0.0259258821606636
-0.0349946543574333,0.0440303534269333,-0.0279582925140858
-0.0370117872953415,0.0440303534269333,0.0431760847568512
-0.0349946543574333,0.0420265980064869,0.0472409129142761
-0.0349946543574333,0.0440303534269333,0.0452084988355637
-0.0309603735804558,0.0420265980064869,-0.0299907028675079
-0.0309603735804558,0.0440303534269333,-0.0279582925140858
-0.0329775139689445,0.0440303534269333,0.0472409129142761
-0.0309603735804558,0.0420265980064869,0.0513057261705399
-0.0309603735804558,0.0440303534269333,0.0492733120918274
-0.0269260928034782,0.0440303534269333,-0.0279582925140858
-0.028943233191967,0.0440303534269333,0.0513057261705399
-0.0269260928034782,0.0440303534269333,0.0533381402492523
-0.0228918194770813,0.0440303534269333,-0.0279582925140858
-0.0228918194770813,0.0440303534269333,0.0533381402492523
-0.0188575387001038,0.0440303534269333,-0.0279582925140858
-0.0188575387001038,0.0440303534269333,0.0533381402492523
-0.0148232579231262,0.0440303534269333,-0.0279582925140858
-0.0148232579231262,0.0420265980064869,0.0431760847568512
-0.0148232579231262,0.0440303534269333,0.0492733120918274
-0.016840398311615,0.0440303534269333,0.0513057261705399
-0.0148232579231262,0.0420265980064869,0.0513057261705399
-0.0107889771461487,0.0440303534269333,-0.0279582925140858
-0.0107889771461487,0.0420265980064869,0.0431760847568512
-0.0107889771461487,0.0440303534269333,0.0492733120918274
-0.00675470381975174,0.0420265980064869,-0.0259258821606636
-0.00675470381975174,0.0440303534269333,-0.0279582925140858
-0.00675470381975174,0.0440303534269333,0.0492733120918274
-0.0027204230427742,0.0440303534269333,-0.0279582925140858
-0.0027204230427742,0.0420265980064869,-0.0259258821606636
-0.0027204230427742,0.0440303534269333,0.0452084988355637
-0.00473756343126297,0.0440303534269333,0.0472409129142761
-0.0027204230427742,0.0420265980064869,0.0472409129142761
-0.000703282654285431,0.0440303534269333,-0.0259258821606636
0.00131385773420334,0.0440303534269333,-0.0238934755325317
0.00131385773420334,0.0420265980064869,0.0391112565994263
0.00131385773420334,0.0440303534269333,0.0452084988355637
0.00534813106060028,0.0440303534269333,-0.0238934755325317
0.00534813106060028,0.0440303534269333,0.0086250975728035
0.00333099067211151,0.0440303534269333,0.010657511651516
0.00534813106060028,0.0420265980064869,0.010657511651516
0.00534813106060028,0.0440303534269333,0.0126899257302284
0.00534813106060028,0.0420265980064869,0.0391112565994263
0.00534813106060028,0.0440303534269333,0.0452084988355637
0.00938241183757782,0.0440303534269333,-0.0238934755325317
0.00938241183757782,0.0420265980064869,0.00659269094467163
0.00938241183757782,0.0440303534269333,0.0086250975728035
0.00938241183757782,0.0440303534269333,0.0126899257302284
0.00938241183757782,0.0440303534269333,0.0452084988355637
0.0134166926145554,0.0440303534269333,-0.0238934755325317
0.0134166926145554,0.0440303534269333,0.0086250975728035
0.0134166926145554,0.0440303534269333,0.0126899257302284
0.0134166926145554,0.0440303534269333,0.0452084988355637
0.0174509733915329,0.0420265980064869,-0.0218610614538193
0.0174509733915329,0.0440303534269333,-0.0238934755325317
0.0154338330030441,0.0440303534269333,0.010657511651516
0.0174509733915329,0.0440303534269333,0.0452084988355637
0.0194681137800217,0.0440303534269333,-0.0218610614538193
0.0214852541685104,0.0440303534269333,-0.0198286473751068
0.0214852541685104,0.0420265980064869,-0.0177962407469749
0.0214852541685104,0.0420265980064869,-0.0137314200401306
0.0214852541685104,0.0420265980064869,-0.00966659933328629
0.0214852541685104,0.0440303534269333,0.0411436706781387
0.0194681137800217,0.0440303534269333,0.0431760847568512
0.023502379655838,0.0440303534269333,-0.0177962407469749
0.023502379655838,0.0440303534269333,-0.0137314200401306
0.023502379655838,0.0440303534269333,-0.00966659933328629
0.0255195200443268,0.0440303534269333,-0.00763418525457382
0.0255195200443268,0.0420265980064869,-0.00560177862644196
0.0255195200443268,0.0420265980064869,0.0350464433431625
0.0255195200443268,0.0440303534269333,0.0370788499712944
0.023502379655838,0.0440303534269333,0.0391112565994263
0.0295538008213043,0.0440303534269333,-0.00763418525457382
0.0295538008213043,0.0420265980064869,-0.00560177862644196
0.0295538008213043,0.0420265980064869,0.0309816226363182
0.0295538008213043,0.0440303534269333,0.0330140292644501
0.0275366604328156,0.0440303534269333,0.0350464433431625
0.0315709412097931,0.0440303534269333,-0.00560177862644196
0.0335880815982819,0.0440303534269333,-0.00356936454772949
0.0335880815982819,0.0420265980064869,0.0269168019294739
0.0335880815982819,0.0440303534269333,0.0289492085576057
0.0315709412097931,0.0440303534269333,0.0309816226363182
0.0376223623752594,0.0420265980064869,-0.00153695046901703
0.0376223623752594,0.0440303534269333,-0.00356936454772949
0.0376223623752594,0.0420265980064869,0.0269168019294739
0.0376223623752594,0.0440303534269333,0.0289492085576057
0.0416566431522369,0.0440303534269333,-0.00356936454772949
0.0416566431522369,0.0420265980064869,-0.00153695046901703
0.0416566431522369,0.0420265980064869,0.0025278702378273
0.0416566431522369,0.0420265980064869,0.0187871530652046
0.0416566431522369,0.0420265980064869,0.022851973772049
0.0416566431522369,0.0420265980064869,0.0269168019294739
0.0416566431522369,0.0440303534269333,0.0289492085576057
0.0436737835407257,0.0440303534269333,-0.00153695046901703
0.0456909239292145,0.0440303534269333,0.000495456159114838
0.0456909239292145,0.0420265980064869,0.0025278702378273
0.0456909239292145,0.0420265980064869,0.00659269094467163
0.0456909239292145,0.0420265980064869,0.010657511651516
0.0456909239292145,0.0420265980064869,0.0147223323583603
0.0456909239292145,0.0420265980064869,0.0187871530652046
0.0456909239292145,0.0420265980064869,0.022851973772049
0.0456909239292145,0.0440303534269333,0.0248843878507614
0.0436737835407257,0.0440303534269333,0.0269168019294739
0.0477080643177032,0.0440303534269333,0.0025278702378273
0.0477080643177032,0.0440303534269333,0.00659269094467163
0.0497251898050308,0.0440303534269333,0.0086250975728035
0.0497251898050308,0.0420265980064869,0.010657511651516
0.0497251898050308,0.0420265980064869,0.0147223323583603
0.0497251898050308,0.0440303534269333,0.0167547464370728
0.0477080643177032,0.0440303534269333,0.0187871530652046
0.0477080643177032,0.0440303534269333,0.022851973772049
0.0517423301935196,0.0440303534269333,0.010657511651516
0.0517423301935196,0.0440303534269333,0.0147223323583603
-0.0672688782215118,0.0460341051220894,0.0025278702378273
-0.0672688782215118,0.0460341051220894,0.00659269094467163
-0.0632345974445343,0.0460341051220894,-0.00153695046901703
-0.0632345974445343,0.0460341051220894,0.0025278702378273
-0.0632345974445343,0.0460341051220894,0.00659269094467163
-0.0632345974445343,0.0460341051220894,0.010657511651516
-0.0632345974445343,0.0460341051220894,0.0309816226363182
-0.0632345974445343,0.0460341051220894,0.0350464433431625
-0.0592003203928471,0.0460341051220894,-0.00560177862644196
-0.0592003203928471,0.0460341051220894,-0.00153695046901703
-0.0592003203928471,0.0460341051220894,0.0025278702378273
-0.0592003203928471,0.0460341051220894,0.00659269094467163
-0.0592003203928471,0.0460341051220894,0.010657511651516
-0.0592003203928471,0.0460341051220894,0.0269168019294739
-0.0592003203928471,0.0460341051220894,0.0309816226363182
-0.0592003203928471,0.0460341051220894,0.0350464433431625
-0.0592003203928471,0.0460341051220894,0.0391112565994263
-0.0592003203928471,0.0460341051220894,0.0431760847568512
-0.0551660433411598,0.0460341051220894,-0.00560177862644196
-0.0551660433411598,0.0480378605425358,-0.00356936454772949
-0.0571831837296486,0.0480378605425358,-0.00153695046901703
-0.0571831837296486,0.0480378605425358,0.0025278702378273
-0.0571831837296486,0.0480378605425358,0.00659269094467163
-0.0571831837296486,0.0480378605425358,0.010657511651516
-0.0551660433411598,0.0460341051220894,0.0147223323583603
-0.0551660433411598,0.0480378605425358,0.0126899257302284
-0.0551660433411598,0.0460341051220894,0.022851973772049
-0.0551660433411598,0.0460341051220894,0.0269168019294739
-0.0551660433411598,0.0480378605425358,0.0289492085576057
-0.0571831837296486,0.0480378605425358,0.0309816226363182
-0.0571831837296486,0.0480378605425358,0.0350464433431625
-0.0571831837296486,0.0480378605425358,0.0391112565994263
-0.0551660433411598,0.0460341051220894,0.0431760847568512
-0.0551660433411598,0.0480378605425358,0.0411436706781387
-0.0531489029526711,0.0480378605425358,-0.00560177862644196
-0.0511317625641823,0.0480378605425358,-0.00763418525457382
-0.0531489029526711,0.0480378605425358,0.0147223323583603
-0.0511317625641823,0.0460341051220894,0.0187871530652046
-0.0511317625641823,0.0480378605425358,0.0167547464370728
-0.0511317625641823,0.0480378605425358,0.0208195671439171
-0.0531489029526711,0.0480378605425358,0.022851973772049
-0.0531489029526711,0.0480378605425358,0.0269168019294739
-0.0511317625641823,0.0480378605425358,0.0370788499712944
-0.0531489029526711,0.0480378605425358,0.0391112565994263
-0.0511317625641823,0.0460341051220894,0.0391112565994263
-0.0511317625641823,0.0460341051220894,0.0431760847568512
-0.0470974892377853,0.0480378605425358,-0.0116990059614182
-0.0491146221756935,0.0480378605425358,-0.00966659933328629
-0.0491146221756935,0.0480378605425358,0.0187871530652046
-0.0491146221756935,0.0480378605425358,0.0391112565994263
-0.0470974892377853,0.0480378605425358,0.0411436706781387
-0.0430632084608078,0.0460341051220894,-0.0137314200401306
-0.0430632084608078,0.0480378605425358,-0.0116990059614182
-0.0430632084608078,0.0480378605425358,0.0411436706781387
-0.0390289276838303,0.0460341051220894,-0.0218610614538193
-0.0390289276838303,0.0460341051220894,-0.0177962407469749
-0.0390289276838303,0.0460341051220894,-0.0137314200401306
-0.0390289276838303,0.0480378605425358,-0.0116990059614182
-0.0390289276838303,0.0480378605425358,0.0411436706781387
-0.0349946543574333,0.0460341051220894,-0.0259258821606636
-0.0349946543574333,0.0460341051220894,-0.0218610614538193
-0.0349946543574333,0.0480378605425358,-0.0198286473751068
-0.0370117872953415,0.0480378605425358,-0.0177962407469749
-0.0370117872953415,0.0480378605425358,-0.0137314200401306
-0.0349946543574333,0.0460341051220894,0.0431760847568512
-0.0349946543574333,0.0480378605425358,0.0411436706781387
-0.0309603735804558,0.0460341051220894,-0.0259258821606636
-0.0309603735804558,0.0480378605425358,-0.0238934755325317
-0.0329775139689445,0.0480378605425358,-0.0218610614538193
-0.0329775139689445,0.0480378605425358,0.0431760847568512
-0.0309603735804558,0.0460341051220894,0.0472409129142761
-0.0309603735804558,0.0480378605425358,0.0452084988355637
-0.0269260928034782,0.0460341051220894,-0.0259258821606636
-0.0269260928034782,0.0480378605425358,-0.0238934755325317
-0.028943233191967,0.0480378605425358,0.0472409129142761
-0.0269260928034782,0.0460341051220894,0.0513057261705399
-0.0269260928034782,0.0480378605425358,0.0492733120918274
-0.0249089524149895,0.0480378605425358,-0.0259258821606636
-0.0228918194770813,0.0480378605425358,-0.0279582925140858
-0.0228918194770813,0.0460341051220894,0.0513057261705399
-0.0228918194770813,0.0480378605425358,0.0492733120918274
-0.0188575387001038,0.0480378605425358,-0.0279582925140858
-0.0188575387001038,0.0460341051220894,0.0513057261705399
-0.0188575387001038,0.0480378605425358,0.0492733120918274
-0.0148232579231262,0.0480378605425358,-0.0320231169462204
-0.0148232579231262,0.0460341051220894,-0.0299907028675079
-0.016840398311615,0.0480378605425358,-0.0299907028675079
-0.0148232579231262,0.0480378605425358,0.0492733120918274
-0.0107889771461487,0.0480378605425358,-0.0320231169462204
-0.0107889771461487,0.0460341051220894,-0.0299907028675079
-0.0107889771461487,0.0480378605425358,0.0492733120918274
-0.00675470381975174,0.0480378605425358,-0.0320231169462204
-0.00675470381975174,0.0460341051220894,-0.0299907028675079
-0.00675470381975174,0.0480378605425358,0.0492733120918274
-0.0027204230427742,0.0480378605425358,-0.0320231169462204
-0.0027204230427742,0.0460341051220894,-0.0299907028675079
-0.0027204230427742,0.0460341051220894,0.0472409129142761
-0.0027204230427742,0.0480378605425358,0.0492733120918274
-0.000703282654285431,0.0480378605425358,-0.0299907028675079
0.00131385773420334,0.0480378605425358,-0.0279582925140858
0.00131385773420334,0.0460341051220894,-0.0259258821606636
0.00131385773420334,0.0460341051220894,0.0472409129142761
0.00131385773420334,0.0480378605425358,0.0492733120918274
0.00534813106060028,0.0480378605425358,-0.0279582925140858
0.00534813106060028,0.0460341051220894,-0.0259258821606636
0.00534813106060028,0.0460341051220894,0.010657511651516
0.00534813106060028,0.0460341051220894,0.0472409129142761
0.00534813106060028,0.0480378605425358,0.0492733120918274
0.00938241183757782,0.0480378605425358,-0.0279582925140858
0.00938241183757782,0.0460341051220894,-0.0259258821606636
0.00938241183757782,0.0480378605425358,0.0086250975728035
0.00736527144908905,0.0480378605425358,0.010657511651516
0.00938241183757782,0.0480378605425358,0.0126899257302284
0.00938241183757782,0.0460341051220894,0.0472409129142761
0.00938241183757782,0.0480378605425358,0.0492733120918274
0.0134166926145554,0.0480378605425358,-0.0279582925140858
0.0134166926145554,0.0460341051220894,-0.0259258821606636
0.0113995522260666,0.0480378605425358,0.010657511651516
0.0134166926145554,0.0460341051220894,0.010657511651516
0.0134166926145554,0.0480378605425358,0.0452084988355637
0.0113995522260666,0.0480378605425358,0.0472409129142761
0.0154338330030441,0.0480378605425358,-0.0259258821606636
0.0174509733915329,0.0480378605425358,-0.0238934755325317
0.0174509733915329,0.0480378605425358,0.0411436706781387
0.0154338330030441,0.0480378605425358,0.0431760847568512
0.0174509733915329,0.0460341051220894,0.0431760847568512
0.0194681137800217,0.0480378605425358,-0.0218610614538193
0.0214852541685104,0.0480378605425358,-0.0198286473751068
0.0214852541685104,0.0480378605425358,0.0411436706781387
0.0255195200443268,0.0460341051220894,-0.0177962407469749
0.0255195200443268,0.0480378605425358,-0.0198286473751068
0.0255195200443268,0.0460341051220894,-0.0137314200401306
0.0255195200443268,0.0460341051220894,-0.00966659933328629
0.0255195200443268,0.0480378605425358,0.0370788499712944
0.023502379655838,0.0480378605425358,0.0391112565994263
0.0275366604328156,0.0480378605425358,-0.0177962407469749
0.0275366604328156,0.0480378605425358,-0.0137314200401306
0.0275366604328156,0.0480378605425358,-0.00966659933328629
0.0295538008213043,0.0480378605425358,-0.00763418525457382
0.0295538008213043,0.0460341051220894,0.0350464433431625
0.0295538008213043,0.0480378605425358,0.0370788499712944
0.0335880815982819,0.0460341051220894,-0.00560177862644196
0.0335880815982819,0.0480378605425358,-0.00763418525457382
0.0335880815982819,0.0460341051220894,0.0309816226363182
0.0335880815982819,0.0480378605425358,0.0330140292644501
0.0315709412097931,0.0480378605425358,0.0350464433431625
0.0376223623752594,0.0480378605425358,-0.00763418525457382
0.0376223623752594,0.0460341051220894,-0.00560177862644196
0.0376223623752594,0.0460341051220894,0.0309816226363182
0.0376223623752594,0.0480378605425358,0.0330140292644501
0.0396395027637482,0.0480378605425358,-0.00560177862644196
0.0416566431522369,0.0480378605425358,-0.00356936454772949
0.0416566431522369,0.0460341051220894,0.0309816226363182
0.0416566431522369,0.0480378605425358,0.0330140292644501
0.0456909239292145,0.0460341051220894,-0.00153695046901703
0.0456909239292145,0.0480378605425358,-0.00356936454772949
0.0456909239292145,0.0460341051220894,0.0269168019294739
0.0456909239292145,0.0480378605425358,0.0289492085576057
0.0436737835407257,0.0480378605425358,0.0309816226363182
0.0477080643177032,0.0480378605425358,-0.00153695046901703
0.0497251898050308,0.0480378605425358,0.000495456159114838
0.0497251898050308,0.0460341051220894,0.0025278702378273
0.0497251898050308,0.0460341051220894,0.00659269094467163
0.0497251898050308,0.0460341051220894,0.0187871530652046
0.0497251898050308,0.0460341051220894,0.022851973772049
0.0497251898050308,0.0480378605425358,0.0248843878507614
0.0477080643177032,0.0480378605425358,0.0269168019294739
0.0517423301935196,0.0480378605425358,0.0025278702378273
0.0517423301935196,0.0480378605425358,0.00659269094467163
0.0537594705820084,0.0480378605425358,0.0086250975728035
0.0537594705820084,0.0460341051220894,0.010657511651516
0.0537594705820084,0.0460341051220894,0.0147223323583603
0.0537594705820084,0.0460341051220894,0.0187871530652046
0.0537594705820084,0.0480378605425358,0.0208195671439171
0.0517423301935196,0.0480378605425358,0.022851973772049
0.0557766109704971,0.0480378605425358,0.010657511651516
0.0557766109704971,0.0480378605425358,0.0147223323583603
0.0557766109704971,0.0480378605425358,0.0187871530652046
-0.0551660433411598,0.052045363932848,-0.00356936454772949
-0.0571831837296486,0.052045363932848,-0.00153695046901703
-0.0571831837296486,0.052045363932848,0.0025278702378273
-0.0571831837296486,0.052045363932848,0.00659269094467163
-0.0551660433411598,0.0500416122376919,0.010657511651516
-0.0551660433411598,0.052045363932848,0.0086250975728035
-0.0551660433411598,0.0500416122376919,0.0309816226363182
-0.0551660433411598,0.0500416122376919,0.0350464433431625
-0.0551660433411598,0.0500416122376919,0.0391112565994263
-0.0511317625641823,0.052045363932848,-0.00763418525457382
-0.0531489029526711,0.052045363932848,-0.00560177862644196
-0.0531489029526711,0.052045363932848,0.010657511651516
-0.0511317625641823,0.0500416122376919,0.0147223323583603
-0.0511317625641823,0.052045363932848,0.0126899257302284
-0.0511317625641823,0.052045363932848,0.0208195671439171
-0.0531489029526711,0.052045363932848,0.022851973772049
-0.0531489029526711,0.052045363932848,0.0269168019294739
-0.0531489029526711,0.052045363932848,0.0309816226363182
-0.0511317625641823,0.0500416122376919,0.0350464433431625
-0.0511317625641823,0.052045363932848,0.0330140292644501
-0.0470974892377853,0.0500416122376919,-0.00966659933328629
-0.0470974892377853,0.052045363932848,-0.00763418525457382
-0.0491146221756935,0.052045363932848,0.0147223323583603
-0.0491146221756935,0.052045363932848,0.0187871530652046
-0.0491146221756935,0.052045363932848,0.0350464433431625
-0.0470974892377853,0.0500416122376919,0.0391112565994263
-0.0470974892377853,0.052045363932848,0.0370788499712944
-0.0450803488492966,0.052045363932848,-0.00966659933328629
-0.0430632084608078,0.052045363932848,-0.0116990059614182
-0.0450803488492966,0.052045363932848,0.0391112565994263
-0.0430632084608078,0.052045363932848,0.0411436706781387
-0.0390289276838303,0.052045363932848,-0.0116990059614182
-0.0390289276838303,0.052045363932848,0.0411436706781387
-0.0349946543574333,0.0500416122376919,-0.0177962407469749
-0.0349946543574333,0.0500416122376919,-0.0137314200401306
-0.0349946543574333,0.052045363932848,-0.0116990059614182
-0.0349946543574333,0.052045363932848,0.0370788499712944
-0.0370117872953415,0.052045363932848,0.0391112565994263
-0.0349946543574333,0.0500416122376919,0.0391112565994263
-0.0309603735804558,0.0500416122376919,-0.0218610614538193
-0.0309603735804558,0.0500416122376919,-0.0177962407469749
-0.0309603735804558,0.052045363932848,-0.0157638266682625
-0.0329775139689445,0.052045363932848,-0.0137314200401306
-0.0309603735804558,0.0500416122376919,0.0391112565994263
-0.0309603735804558,0.052045363932848,0.0370788499712944
-0.0309603735804558,0.0500416122376919,0.0431760847568512
-0.028943233191967,0.052045363932848,-0.0218610614538193
-0.0269260928034782,0.052045363932848,-0.0238934755325317
-0.028943233191967,0.052045363932848,-0.0177962407469749
-0.028943233191967,0.052045363932848,0.0391112565994263
-0.0269260928034782,0.0500416122376919,0.0431760847568512
-0.0269260928034782,0.052045363932848,0.0411436706781387
-0.0269260928034782,0.0500416122376919,0.0472409129142761
-0.0228918194770813,0.052045363932848,-0.0279582925140858
-0.0249089524149895,0.052045363932848,-0.0259258821606636
-0.0249089524149895,0.052045363932848,0.0431760847568512
-0.0228918194770813,0.0500416122376919,0.0472409129142761
-0.0228918194770813,0.052045363932848,0.0452084988355637
-0.0188575387001038,0.052045363932848,-0.0320231169462204
-0.0188575387001038,0.0500416122376919,-0.0299907028675079
-0.0208746790885925,0.052045363932848,-0.0299907028675079
-0.0208746790885925,0.052045363932848,0.0472409129142761
-0.0188575387001038,0.052045363932848,0.0492733120918274
-0.0148232579231262,0.052045363932848,-0.0320231169462204
-0.0148232579231262,0.052045363932848,0.0492733120918274
-0.0107889771461487,0.052045363932848,-0.0320231169462204
-0.0128061175346375,0.052045363932848,0.0513057261705399
-0.0107889771461487,0.0500416122376919,0.0513057261705399
-0.0107889771461487,0.052045363932848,0.0533381402492523
-0.00675470381975174,0.052045363932848,-0.0320231169462204
-0.00675470381975174,0.0500416122376919,0.0513057261705399
-0.00675470381975174,0.052045363932848,0.0533381402492523
-0.0027204230427742,0.052045363932848,-0.0320231169462204
-0.0027204230427742,0.0500416122376919,0.0513057261705399
-0.0027204230427742,0.052045363932848,0.0533381402492523
0.00131385773420334,0.0500416122376919,-0.0299907028675079
0.00131385773420334,0.052045363932848,-0.0320231169462204
0.00131385773420334,0.0500416122376919,0.0513057261705399
0.00131385773420334,0.052045363932848,0.0533381402492523
0.00333099067211151,0.052045363932848,-0.0299907028675079
0.00534813106060028,0.052045363932848,-0.0279582925140858
0.00534813106060028,0.0500416122376919,0.0513057261705399
0.00534813106060028,0.052045363932848,0.0533381402492523
0.00938241183757782,0.052045363932848,-0.0279582925140858
0.00938241183757782,0.0500416122376919,0.0513057261705399
0.00938241183757782,0.052045363932848,0.0533381402492523
0.0134166926145554,0.052045363932848,-0.0279582925140858
0.0134166926145554,0.0500416122376919,0.0472409129142761
0.0134166926145554,0.052045363932848,0.0492733120918274
0.0113995522260666,0.052045363932848,0.0513057261705399
0.0174509733915329,0.0500416122376919,-0.0259258821606636
0.0174509733915329,0.052045363932848,-0.0279582925140858
0.0174509733915329,0.0500416122376919,0.0431760847568512
0.0174509733915329,0.052045363932848,0.0452084988355637
0.0154338330030441,0.052045363932848,0.0472409129142761
0.0194681137800217,0.052045363932848,-0.0259258821606636
0.0214852541685104,0.052045363932848,-0.0238934755325317
0.0214852541685104,0.0500416122376919,-0.0218610614538193
0.0214852541685104,0.0500416122376919,0.0431760847568512
0.0214852541685104,0.052045363932848,0.0452084988355637
0.023502379655838,0.052045363932848,-0.0218610614538193
0.0255195200443268,0.052045363932848,-0.0198286473751068
0.0255195200443268,0.0500416122376919,0.0391112565994263
0.0255195200443268,0.052045363932848,0.0411436706781387
0.023502379655838,0.052045363932848,0.0431760847568512
0.0275366604328156,0.052045363932848,-0.0177962407469749
0.0295538008213043,0.0500416122376919,-0.0137314200401306
0.0295538008213043,0.052045363932848,-0.0157638266682625
0.0295538008213043,0.0500416122376919,-0.00966659933328629
0.0295538008213043,0.052045363932848,0.0370788499712944
0.0275366604328156,0.052045363932848,0.0391112565994263
0.0315709412097931,0.052045363932848,-0.0137314200401306
0.0315709412097931,0.052045363932848,-0.00966659933328629
0.0335880815982819,0.052045363932848,-0.00763418525457382
0.0335880815982819,0.052045363932848,0.0330140292644501
0.0315709412097931,0.052045363932848,0.0350464433431625
0.0376223623752594,0.052045363932848,-0.00763418525457382
0.0376223623752594,0.052045363932848,0.0330140292644501
0.0416566431522369,0.0500416122376919,-0.00560177862644196
0.0416566431522369,0.052045363932848,-0.00763418525457382
0.0416566431522369,0.052045363932848,0.0330140292644501
0.0456909239292145,0.052045363932848,-0.00763418525457382
0.0456909239292145,0.0500416122376919,-0.00560177862644196
0.0456909239292145,0.0500416122376919,0.0309816226363182
0.0456909239292145,0.052045363932848,0.0330140292644501
0.0477080643177032,0.052045363932848,-0.00560177862644196
0.0497251898050308,0.052045363932848,-0.00356936454772949
0.0497251898050308,0.0500416122376919,-0.00153695046901703
0.0497251898050308,0.0500416122376919,0.0269168019294739
0.0497251898050308,0.052045363932848,0.0289492085576057
0.0477080643177032,0.052045363932848,0.0309816226363182
0.0517423301935196,0.052045363932848,-0.00153695046901703
0.0537594705820084,0.052045363932848,0.000495456159114838
0.0537594705820084,0.0500416122376919,0.0025278702378273
0.0537594705820084,0.0500416122376919,0.00659269094467163
0.0537594705820084,0.0500416122376919,0.022851973772049
0.0537594705820084,0.052045363932848,0.0248843878507614
0.0517423301935196,0.052045363932848,0.0269168019294739
0.0557766109704971,0.052045363932848,0.0025278702378273
0.0557766109704971,0.052045363932848,0.00659269094467163
0.0557766109704971,0.052045363932848,0.010657511651516
0.0577937513589859,0.0500416122376919,0.0147223323583603
0.0577937513589859,0.052045363932848,0.0126899257302284
0.0577937513589859,0.052045363932848,0.0167547464370728
0.0557766109704971,0.052045363932848,0.0187871530652046
0.0557766109704971,0.052045363932848,0.022851973772049
0.0598108917474747,0.052045363932848,0.0147223323583603
-0.0551660433411598,0.0560528710484505,-0.00356936454772949
-0.0571831837296486,0.0560528710484505,-0.00153695046901703
-0.0571831837296486,0.0560528710484505,0.0025278702378273
-0.0571831837296486,0.0560528710484505,0.00659269094467163
-0.0551660433411598,0.0560528710484505,0.0086250975728035
-0.0511317625641823,0.0560528710484505,-0.00763418525457382
-0.0531489029526711,0.0560528710484505,-0.00560177862644196
-0.0531489029526711,0.0560528710484505,0.010657511651516
-0.0511317625641823,0.0540491193532944,0.0147223323583603
-0.0531489029526711,0.0560528710484505,0.0147223323583603
-0.0511317625641823,0.0540491193532944,0.0187871530652046
-0.0531489029526711,0.0560528710484505,0.0187871530652046
-0.0531489029526711,0.0560528710484505,0.022851973772049
-0.0531489029526711,0.0560528710484505,0.0269168019294739
-0.0531489029526711,0.0560528710484505,0.0309816226363182
-0.0511317625641823,0.0560528710484505,0.0330140292644501
-0.0470974892377853,0.0560528710484505,-0.0116990059614182
-0.0470974892377853,0.0540491193532944,-0.00966659933328629
-0.0491146221756935,0.0560528710484505,-0.00966659933328629
-0.0491146221756935,0.0560528710484505,0.0350464433431625
-0.0470974892377853,0.0560528710484505,0.0370788499712944
-0.0430632084608078,0.0560528710484505,-0.0116990059614182
-0.0450803488492966,0.0560528710484505,0.0391112565994263
-0.0430632084608078,0.0560528710484505,0.0411436706781387
-0.0390289276838303,0.0560528710484505,-0.0116990059614182
-0.0390289276838303,0.0560528710484505,0.0411436706781387
-0.0349946543574333,0.0560528710484505,-0.0116990059614182
-0.0349946543574333,0.0560528710484505,0.0370788499712944
-0.0370117872953415,0.0560528710484505,0.0391112565994263
-0.0309603735804558,0.0560528710484505,-0.0157638266682625
-0.0329775139689445,0.0560528710484505,-0.0137314200401306
-0.0309603735804558,0.0560528710484505,0.0370788499712944
-0.0269260928034782,0.0560528710484505,-0.0279582925140858
-0.0269260928034782,0.0540491193532944,-0.0259258821606636
-0.028943233191967,0.0560528710484505,-0.0259258821606636
-0.028943233191967,0.0560528710484505,-0.0218610614538193
-0.028943233191967,0.0560528710484505,-0.0177962407469749
-0.0269260928034782,0.0540491193532944,0.0391112565994263
-0.0269260928034782,0.0560528710484505,0.0370788499712944
-0.0228918194770813,0.0560528710484505,-0.0320231169462204
-0.0228918194770813,0.0540491193532944,-0.0299907028675079
-0.0249089524149895,0.0560528710484505,-0.0299907028675079
-0.0249089524149895,0.0560528710484505,0.0391112565994263
-0.0249089524149895,0.0560528710484505,0.0431760847568512
-0.0228918194770813,0.0560528710484505,0.0452084988355637
-0.0188575387001038,0.0560528710484505,-0.0320231169462204
-0.0208746790885925,0.0560528710484505,0.0472409129142761
-0.0188575387001038,0.0560528710484505,0.0492733120918274
-0.0148232579231262,0.0560528710484505,-0.0360879376530647
-0.0148232579231262,0.0540491193532944,-0.0340555272996426
-0.016840398311615,0.0560528710484505,-0.0340555272996426
-0.0148232579231262,0.0560528710484505,0.0492733120918274
-0.0128061175346375,0.0560528710484505,-0.0340555272996426
-0.0107889771461487,0.0560528710484505,-0.0320231169462204
-0.0128061175346375,0.0560528710484505,0.0513057261705399
-0.0107889771461487,0.0560528710484505,0.0533381402492523
-0.00675470381975174,0.0560528710484505,-0.0320231169462204
-0.00675470381975174,0.0560528710484505,0.0533381402492523
-0.0027204230427742,0.0560528710484505,-0.0320231169462204
-0.0027204230427742,0.0560528710484505,0.0533381402492523
0.00131385773420334,0.0560528710484505,-0.0320231169462204
0.00131385773420334,0.0560528710484505,0.0533381402492523
0.00534813106060028,0.0540491193532944,-0.0299907028675079
0.00534813106060028,0.0560528710484505,-0.0320231169462204
0.00534813106060028,0.0560528710484505,0.0533381402492523
0.00938241183757782,0.0560528710484505,-0.0320231169462204
0.00938241183757782,0.0540491193532944,-0.0299907028675079
0.00938241183757782,0.0560528710484505,0.0533381402492523
0.0113995522260666,0.0560528710484505,-0.0299907028675079
0.0134166926145554,0.0560528710484505,-0.0279582925140858
0.0134166926145554,0.0560528710484505,0.0492733120918274
0.0113995522260666,0.0560528710484505,0.0513057261705399
0.0174509733915329,0.0560528710484505,-0.0279582925140858
0.0174509733915329,0.0540491193532944,0.0472409129142761
0.0174509733915329,0.0560528710484505,0.0492733120918274
0.0214852541685104,0.0540491193532944,-0.0259258821606636
0.0214852541685104,0.0560528710484505,-0.0279582925140858
0.0214852541685104,0.0560528710484505,0.0452084988355637
0.0194681137800217,0.0560528710484505,0.0472409129142761
0.023502379655838,0.0560528710484505,-0.0259258821606636
0.0255195200443268,0.0560528710484505,-0.0238934755325317
0.0255195200443268,0.0540491193532944,-0.0218610614538193
0.0255195200443268,0.0560528710484505,0.0411436706781387
0.023502379655838,0.0560528710484505,0.0431760847568512
0.0275366604328156,0.0560528710484505,-0.0218610614538193
0.0275366604328156,0.0560528710484505,-0.0177962407469749
0.0295538008213043,0.0560528710484505,-0.0157638266682625
0.0295538008213043,0.0540491193532944,0.0391112565994263
0.0295538008213043,0.0560528710484505,0.0411436706781387
0.0315709412097931,0.0560528710484505,-0.0137314200401306
0.0335880815982819,0.0540491193532944,-0.00966659933328629
0.0335880815982819,0.0560528710484505,-0.0116990059614182
0.0335880815982819,0.0540491193532944,0.0350464433431625
0.0335880815982819,0.0560528710484505,0.0370788499712944
0.0315709412097931,0.0560528710484505,0.0391112565994263
0.0356052219867706,0.0560528710484505,-0.00966659933328629
0.0376223623752594,0.0560528710484505,-0.00763418525457382
0.0376223623752594,0.0560528710484505,0.0330140292644501
0.0356052219867706,0.0560528710484505,0.0350464433431625
0.0416566431522369,0.0560528710484505,-0.00763418525457382
0.0416566431522369,0.0560528710484505,0.0330140292644501
0.0456909239292145,0.0560528710484505,-0.00763418525457382
0.0456909239292145,0.0560528710484505,0.0330140292644501
0.0477080643177032,0.0560528710484505,-0.00560177862644196
0.0497251898050308,0.0560528710484505,-0.00356936454772949
0.0497251898050308,0.0560528710484505,0.0289492085576057
0.0477080643177032,0.0560528710484505,0.0309816226363182
0.0537594705820084,0.0540491193532944,-0.00153695046901703
0.0537594705820084,0.0560528710484505,-0.00356936454772949
0.0537594705820084,0.0540491193532944,0.0269168019294739
0.0537594705820084,0.0560528710484505,0.0289492085576057
0.0557766109704971,0.0560528710484505,-0.00153695046901703
0.0557766109704971,0.0560528710484505,0.0025278702378273
0.0577937513589859,0.0540491193532944,0.00659269094467163
0.0577937513589859,0.0560528710484505,0.00456027686595917
0.0577937513589859,0.0540491193532944,0.010657511651516
0.0577937513589859,0.0540491193532944,0.0187871530652046
0.0577937513589859,0.0560528710484505,0.0208195671439171
0.0557766109704971,0.0560528710484505,0.022851973772049
0.0557766109704971,0.0560528710484505,0.0269168019294739
0.0598108917474747,0.0560528710484505,0.00659269094467163
0.0598108917474747,0.0560528710484505,0.010657511651516
0.0598108917474747,0.0560528710484505,0.0147223323583603
0.0598108917474747,0.0560528710484505,0.0187871530652046
-0.0632345974445343,0.060060378164053,0.00456027686595917
-0.0632345974445343,0.0580566227436066,0.00659269094467163
-0.0652517378330231,0.060060378164053,0.00659269094467163
-0.0632345974445343,0.0580566227436066,0.010657511651516
-0.0652517378330231,0.060060378164053,0.010657511651516
-0.0632345974445343,0.0580566227436066,0.0147223323583603
-0.0652517378330231,0.060060378164053,0.0147223323583603
-0.0632345974445343,0.0580566227436066,0.0187871530652046
-0.0652517378330231,0.060060378164053,0.0187871530652046
-0.0632345974445343,0.060060378164053,0.0208195671439171
-0.0592003203928471,0.060060378164053,0.000495456159114838
-0.0592003203928471,0.0580566227436066,0.0025278702378273
-0.0612174607813358,0.060060378164053,0.0025278702378273
-0.0592003203928471,0.0580566227436066,0.00659269094467163
-0.0592003203928471,0.0580566227436066,0.010657511651516
-0.0592003203928471,0.0580566227436066,0.0147223323583603
-0.0592003203928471,0.0580566227436066,0.0187871530652046
-0.0592003203928471,0.060060378164053,0.0208195671439171
-0.0551660433411598,0.060060378164053,-0.00763418525457382
-0.0551660433411598,0.0580566227436066,-0.00560177862644196
-0.0571831837296486,0.060060378164053,-0.00560177862644196
-0.0571831837296486,0.060060378164053,-0.00153695046901703
-0.0551660433411598,0.0580566227436066,0.010657511651516
-0.0551660433411598,0.0580566227436066,0.0147223323583603
-0.0551660433411598,0.0580566227436066,0.0187871530652046
-0.0571831837296486,0.060060378164053,0.022851973772049
-0.0551660433411598,0.0580566227436066,0.022851973772049
-0.0551660433411598,0.060060378164053,0.0248843878507614
-0.0511317625641823,0.060060378164053,-0.0116990059614182
-0.0511317625641823,0.0580566227436066,-0.00966659933328629
-0.0531489029526711,0.060060378164053,-0.00966659933328629
-0.0531489029526711,0.060060378164053,0.0269168019294739
-0.0531489029526711,0.060060378164053,0.0309816226363182
-0.0511317625641823,0.060060378164053,0.0330140292644501
-0.0470974892377853,0.060060378164053,-0.0116990059614182
-0.0491146221756935,0.060060378164053,0.0350464433431625
-0.0470974892377853,0.060060378164053,0.0370788499712944
-0.0430632084608078,0.060060378164053,-0.0116990059614182
-0.0450803488492966,0.060060378164053,0.0391112565994263
-0.0430632084608078,0.060060378164053,0.0411436706781387
-0.0390289276838303,0.060060378164053,-0.0116990059614182
-0.0390289276838303,0.060060378164053,0.0411436706781387
-0.0349946543574333,0.060060378164053,-0.0116990059614182
-0.0349946543574333,0.0580566227436066,0.0391112565994263
-0.0349946543574333,0.060060378164053,0.0411436706781387
-0.0309603735804558,0.060060378164053,-0.0198286473751068
-0.0309603735804558,0.0580566227436066,-0.0177962407469749
-0.0329775139689445,0.060060378164053,-0.0177962407469749
-0.0329775139689445,0.060060378164053,-0.0137314200401306
-0.0309603735804558,0.060060378164053,0.0370788499712944
-0.0329775139689445,0.060060378164053,0.0391112565994263
-0.0269260928034782,0.060060378164053,-0.0279582925140858
-0.028943233191967,0.060060378164053,-0.0259258821606636
-0.028943233191967,0.060060378164053,-0.0218610614538193
-0.0269260928034782,0.060060378164053,0.0370788499712944
-0.0228918194770813,0.060060378164053,-0.0320231169462204
-0.0249089524149895,0.060060378164053,-0.0299907028675079
-0.0249089524149895,0.060060378164053,0.0391112565994263
-0.0249089524149895,0.060060378164053,0.0431760847568512
-0.0228918194770813,0.060060378164053,0.0452084988355637
-0.0188575387001038,0.060060378164053,-0.0360879376530647
-0.0188575387001038,0.0580566227436066,-0.0340555272996426
-0.0208746790885925,0.060060378164053,-0.0340555272996426
-0.0208746790885925,0.060060378164053,0.0472409129142761
-0.0188575387001038,0.060060378164053,0.0492733120918274
-0.0148232579231262,0.060060378164053,-0.0360879376530647
-0.016840398311615,0.060060378164053,0.0513057261705399
-0.0148232579231262,0.0580566227436066,0.0513057261705399
-0.0148232579231262,0.060060378164053,0.0533381402492523
-0.0107889771461487,0.0580566227436066,-0.0340555272996426
-0.0107889771461487,0.060060378164053,-0.0360879376530647
-0.0107889771461487,0.060060378164053,0.0533381402492523
-0.00675470381975174,0.060060378164053,-0.0360879376530647
-0.00675470381975174,0.0580566227436066,-0.0340555272996426
-0.00877184420824051,0.060060378164053,0.0553705543279648
-0.00675470381975174,0.0580566227436066,0.0553705543279648
-0.00675470381975174,0.060060378164053,0.0574029535055161
-0.00473756343126297,0.060060378164053,-0.0340555272996426
-0.0027204230427742,0.060060378164053,-0.0320231169462204
-0.0027204230427742,0.060060378164053,0.0533381402492523
-0.00473756343126297,0.060060378164053,0.0553705543279648
0.00131385773420334,0.060060378164053,-0.0320231169462204
-0.000703282654285431,0.060060378164053,0.0553705543279648
0.00131385773420334,0.0580566227436066,0.0553705543279648
0.00131385773420334,0.060060378164053,0.0574029535055161
0.00534813106060028,0.060060378164053,-0.0320231169462204
0.00534813106060028,0.060060378164053,0.0533381402492523
0.00333099067211151,0.060060378164053,0.0553705543279648
0.00938241183757782,0.060060378164053,-0.0320231169462204
0.00938241183757782,0.060060378164053,0.0533381402492523
0.0113995522260666,0.060060378164053,-0.0299907028675079
0.0134166926145554,0.060060378164053,-0.0279582925140858
0.0134166926145554,0.060060378164053,0.0492733120918274
0.0113995522260666,0.060060378164053,0.0513057261705399
0.0174509733915329,0.060060378164053,-0.0279582925140858
0.0174509733915329,0.060060378164053,0.0492733120918274
0.0214852541685104,0.060060378164053,-0.0279582925140858
0.0214852541685104,0.0580566227436066,0.0472409129142761
0.0214852541685104,0.060060378164053,0.0492733120918274
0.023502379655838,0.060060378164053,-0.0259258821606636
0.0255195200443268,0.060060378164053,-0.0238934755325317
0.0255195200443268,0.0580566227436066,0.0431760847568512
0.0255195200443268,0.060060378164053,0.0452084988355637
0.023502379655838,0.060060378164053,0.0472409129142761
0.0275366604328156,0.060060378164053,-0.0218610614538193
0.0295538008213043,0.0580566227436066,-0.0177962407469749
0.0295538008213043,0.060060378164053,-0.0198286473751068
0.0295538008213043,0.060060378164053,0.0411436706781387
0.0275366604328156,0.060060378164053,0.0431760847568512
0.0315709412097931,0.060060378164053,-0.0177962407469749
0.0335880815982819,0.060060378164053,-0.0157638266682625
0.0335880815982819,0.0580566227436066,-0.0137314200401306
0.0335880815982819,0.060060378164053,0.0370788499712944
0.0315709412097931,0.060060378164053,0.0391112565994263
0.0356052219867706,0.060060378164053,-0.0137314200401306
0.0376223623752594,0.060060378164053,-0.0116990059614182
0.0376223623752594,0.0580566227436066,-0.00966659933328629
0.0376223623752594,0.060060378164053,0.0330140292644501
0.0356052219867706,0.060060378164053,0.0350464433431625
0.0396395027637482,0.060060378164053,-0.00966659933328629
0.0416566431522369,0.0580566227436066,-0.00560177862644196
0.0396395027637482,0.060060378164053,-0.00560177862644196
0.0416566431522369,0.060060378164053,-0.00356936454772949
0.0416566431522369,0.060060378164053,0.0289492085576057
0.0396395027637482,0.060060378164053,0.0309816226363182
0.0416566431522369,0.0580566227436066,0.0309816226363182
0.0456909239292145,0.0580566227436066,-0.00560177862644196
0.0456909239292145,0.060060378164053,-0.00356936454772949
0.0436737835407257,0.060060378164053,0.0309816226363182
0.0456909239292145,0.060060378164053,0.0330140292644501
0.0497251898050308,0.060060378164053,-0.00356936454772949
0.0497251898050308,0.060060378164053,0.0289492085576057
0.0477080643177032,0.060060378164053,0.0309816226363182
0.0537594705820084,0.060060378164053,-0.00356936454772949
0.0537594705820084,0.060060378164053,0.0289492085576057
0.0557766109704971,0.060060378164053,-0.00153695046901703
0.0577937513589859,0.0580566227436066,0.0025278702378273
0.0577937513589859,0.060060378164053,0.000495456159114838
0.0577937513589859,0.0580566227436066,0.022851973772049
0.0577937513589859,0.060060378164053,0.0248843878507614
0.0557766109704971,0.060060378164053,0.0269168019294739
0.0598108917474747,0.060060378164053,0.0025278702378273
0.0598108917474747,0.060060378164053,0.00659269094467163
0.0598108917474747,0.060060378164053,0.010657511651516
0.0598108917474747,0.060060378164053,0.0147223323583603
0.0598108917474747,0.060060378164053,0.0187871530652046
0.0598108917474747,0.060060378164053,0.022851973772049
-0.0713031589984894,0.0640678852796555,0.00456027686595917
-0.0713031589984894,0.0620641298592091,0.00659269094467163
-0.0733202993869781,0.0640678852796555,0.00659269094467163
-0.0713031589984894,0.0620641298592091,0.010657511651516
-0.0733202993869781,0.0640678852796555,0.010657511651516
-0.0713031589984894,0.0620641298592091,0.0147223323583603
-0.0733202993869781,0.0640678852796555,0.0147223323583603
-0.0713031589984894,0.0620641298592091,0.0187871530652046
-0.0733202993869781,0.0640678852796555,0.0187871530652046
-0.0713031589984894,0.0640678852796555,0.0208195671439171
-0.0672688782215118,0.0640678852796555,-0.00356936454772949
-0.0672688782215118,0.0620641298592091,-0.00153695046901703
-0.0692860186100006,0.0640678852796555,-0.00153695046901703
-0.0672688782215118,0.0620641298592091,0.0025278702378273
-0.0692860186100006,0.0640678852796555,0.0025278702378273
-0.0672688782215118,0.0620641298592091,0.00659269094467163
-0.0672688782215118,0.0620641298592091,0.010657511651516
-0.0672688782215118,0.0620641298592091,0.0147223323583603
-0.0672688782215118,0.0620641298592091,0.0187871530652046
-0.0692860186100006,0.0640678852796555,0.022851973772049
-0.0672688782215118,0.0620641298592091,0.022851973772049
-0.0672688782215118,0.0640678852796555,0.0248843878507614
-0.0632345974445343,0.0640678852796555,-0.00356936454772949
-0.0632345974445343,0.0620641298592091,-0.00153695046901703
-0.0632345974445343,0.0620641298592091,0.0025278702378273
-0.0632345974445343,0.0620641298592091,0.022851973772049
-0.0652517378330231,0.0640678852796555,0.0269168019294739
-0.0632345974445343,0.0620641298592091,0.0269168019294739
-0.0632345974445343,0.0640678852796555,0.0289492085576057
-0.0592003203928471,0.0640678852796555,-0.00763418525457382
-0.0592003203928471,0.0620641298592091,-0.00560177862644196
-0.0612174607813358,0.0640678852796555,-0.00560177862644196
-0.0592003203928471,0.0620641298592091,-0.00153695046901703
-0.0592003203928471,0.0620641298592091,0.022851973772049
-0.0592003203928471,0.0620641298592091,0.0269168019294739
-0.0612174607813358,0.0640678852796555,0.0309816226363182
-0.0592003203928471,0.0620641298592091,0.0309816226363182
-0.0592003203928471,0.0640678852796555,0.0330140292644501
-0.0551660433411598,0.0640678852796555,-0.00763418525457382
-0.0551660433411598,0.0620641298592091,0.0269168019294739
-0.0551660433411598,0.0620641298592091,0.0309816226363182
-0.0551660433411598,0.0640678852796555,0.0330140292644501
-0.0511317625641823,0.0640678852796555,-0.0116990059614182
-0.0531489029526711,0.0640678852796555,-0.00966659933328629
-0.0511317625641823,0.0640678852796555,0.0330140292644501
-0.0470974892377853,0.0640678852796555,-0.0116990059614182
-0.0491146221756935,0.0640678852796555,0.0350464433431625
-0.0470974892377853,0.0640678852796555,0.0370788499712944
-0.0430632084608078,0.0640678852796555,-0.0157638266682625
-0.0430632084608078,0.0620641298592091,-0.0137314200401306
-0.0450803488492966,0.0640678852796555,-0.0137314200401306
-0.0450803488492966,0.0640678852796555,0.0391112565994263
-0.0430632084608078,0.0640678852796555,0.0411436706781387
-0.0390289276838303,0.0640678852796555,-0.0157638266682625
-0.0390289276838303,0.0620641298592091,-0.0137314200401306
-0.0390289276838303,0.0640678852796555,0.0411436706781387
-0.0349946543574333,0.0640678852796555,-0.0157638266682625
-0.0349946543574333,0.0620641298592091,-0.0137314200401306
-0.0349946543574333,0.0640678852796555,0.0411436706781387
-0.0309603735804558,0.0640678852796555,-0.0198286473751068
-0.0329775139689445,0.0640678852796555,-0.0177962407469749
-0.0309603735804558,0.0640678852796555,0.0370788499712944
-0.0329775139689445,0.0640678852796555,0.0391112565994263
-0.0269260928034782,0.0640678852796555,-0.0320231169462204
-0.0269260928034782,0.0620641298592091,-0.0299907028675079
-0.028943233191967,0.0640678852796555,-0.0299907028675079
-0.028943233191967,0.0640678852796555,-0.0259258821606636
-0.028943233191967,0.0640678852796555,-0.0218610614538193
-0.0269260928034782,0.0640678852796555,0.0370788499712944
-0.0228918194770813,0.0640678852796555,-0.0360879376530647
-0.0228918194770813,0.0620641298592091,-0.0340555272996426
-0.0249089524149895,0.0640678852796555,-0.0340555272996426
-0.0249089524149895,0.0640678852796555,0.0391112565994263
-0.0249089524149895,0.0640678852796555,0.0431760847568512
-0.0228918194770813,0.0640678852796555,0.0452084988355637
-0.0188575387001038,0.0640678852796555,-0.0360879376530647
-0.0208746790885925,0.0640678852796555,0.0472409129142761
-0.0188575387001038,0.0640678852796555,0.0492733120918274
-0.0148232579231262,0.0640678852796555,-0.0360879376530647
-0.016840398311615,0.0640678852796555,0.0513057261705399
-0.0148232579231262,0.0640678852796555,0.0533381402492523
-0.0107889771461487,0.0640678852796555,-0.0360879376530647
-0.0107889771461487,0.0640678852796555,0.0533381402492523
-0.00675470381975174,0.0640678852796555,-0.0360879376530647
-0.00877184420824051,0.0640678852796555,0.0553705543279648
-0.00675470381975174,0.0640678852796555,0.0574029535055161
-0.0027204230427742,0.0620641298592091,-0.0340555272996426
-0.0027204230427742,0.0640678852796555,-0.0360879376530647
-0.0027204230427742,0.0620641298592091,0.0553705543279648
-0.0027204230427742,0.0640678852796555,0.0574029535055161
0.00131385773420334,0.0640678852796555,-0.0360879376530647
0.00131385773420334,0.0620641298592091,-0.0340555272996426
0.00131385773420334,0.0640678852796555,0.0574029535055161
0.00333099067211151,0.0640678852796555,-0.0340555272996426
0.00534813106060028,0.0640678852796555,-0.0320231169462204
0.00534813106060028,0.0620641298592091,0.0553705543279648
0.00534813106060028,0.0640678852796555,0.0574029535055161
0.00938241183757782,0.0640678852796555,-0.0320231169462204
0.00938241183757782,0.0640678852796555,0.0533381402492523
0.00736527144908905,0.0640678852796555,0.0553705543279648
0.0134166926145554,0.0620641298592091,-0.0299907028675079
0.0134166926145554,0.0640678852796555,-0.0320231169462204
0.0134166926145554,0.0620641298592091,0.0513057261705399
0.0134166926145554,0.0640678852796555,0.0533381402492523
0.0154338330030441,0.0640678852796555,-0.0299907028675079
0.0174509733915329,0.0640678852796555,-0.0279582925140858
0.0174509733915329,0.0640678852796555,0.0492733120918274
0.0154338330030441,0.0640678852796555,0.0513057261705399
0.0214852541685104,0.0640678852796555,-0.0279582925140858
0.0214852541685104,0.0640678852796555,0.0452084988355637
0.0194681137800217,0.0640678852796555,0.0472409129142761
0.0214852541685104,0.0620641298592091,0.0472409129142761
0.023502379655838,0.0640678852796555,-0.0259258821606636
0.0255195200443268,0.0640678852796555,-0.0238934755325317
0.0255195200443268,0.0640678852796555,0.0452084988355637
0.0275366604328156,0.0640678852796555,-0.0218610614538193
0.0295538008213043,0.0640678852796555,-0.0198286473751068
0.0295538008213043,0.0640678852796555,0.0411436706781387
0.0275366604328156,0.0640678852796555,0.0431760847568512
0.0315709412097931,0.0640678852796555,-0.0177962407469749
0.0335880815982819,0.0640678852796555,-0.0157638266682625
0.0335880815982819,0.0620641298592091,0.0391112565994263
0.0335880815982819,0.0640678852796555,0.0411436706781387
0.0356052219867706,0.0640678852796555,-0.0137314200401306
0.0376223623752594,0.0640678852796555,-0.0116990059614182
0.0376223623752594,0.0620641298592091,0.0350464433431625
0.0376223623752594,0.0640678852796555,0.0370788499712944
0.0356052219867706,0.0640678852796555,0.0391112565994263
0.0396395027637482,0.0640678852796555,-0.00966659933328629
0.0396395027637482,0.0640678852796555,-0.00560177862644196
0.0416566431522369,0.0640678852796555,-0.00356936454772949
0.0416566431522369,0.0640678852796555,0.0289492085576057
0.0396395027637482,0.0640678852796555,0.0309816226363182
0.0396395027637482,0.0640678852796555,0.0350464433431625
0.0456909239292145,0.0640678852796555,-0.00356936454772949
0.0456909239292145,0.0620641298592091,0.0309816226363182
0.0456909239292145,0.0640678852796555,0.0289492085576057
0.0497251898050308,0.0640678852796555,-0.00356936454772949
0.0497251898050308,0.0640678852796555,0.0289492085576057
0.0517423301935196,0.0640678852796555,-0.00153695046901703
0.0537594705820084,0.0620641298592091,-0.00153695046901703
0.0537594705820084,0.0640678852796555,0.000495456159114838
0.0537594705820084,0.0640678852796555,0.0289492085576057
0.0557766109704971,0.0640678852796555,0.0025278702378273
0.0577937513589859,0.0620641298592091,0.0025278702378273
0.0577937513589859,0.0640678852796555,0.00456027686595917
0.0577937513589859,0.0640678852796555,0.0248843878507614
0.0557766109704971,0.0640678852796555,0.0269168019294739
0.0598108917474747,0.0640678852796555,0.00659269094467163
0.0598108917474747,0.0640678852796555,0.010657511651516
0.0598108917474747,0.0640678852796555,0.0147223323583603
0.0598108917474747,0.0640678852796555,0.0187871530652046
0.0598108917474747,0.0640678852796555,0.022851973772049
-0.0753374397754669,0.0680753886699677,0.00456027686595917
-0.0753374397754669,0.0660716369748116,0.00659269094467163
-0.0773545801639557,0.0680753886699677,0.00659269094467163
-0.0753374397754669,0.0660716369748116,0.010657511651516
-0.0773545801639557,0.0680753886699677,0.010657511651516
-0.0753374397754669,0.0660716369748116,0.0147223323583603
-0.0773545801639557,0.0680753886699677,0.0147223323583603
-0.0753374397754669,0.0660716369748116,0.0187871530652046
-0.0773545801639557,0.0680753886699677,0.0187871530652046
-0.0753374397754669,0.0680753886699677,0.0208195671439171
-0.0713031589984894,0.0680753886699677,-0.00356936454772949
-0.0713031589984894,0.0660716369748116,-0.00153695046901703
-0.0733202993869781,0.0680753886699677,-0.00153695046901703
-0.0713031589984894,0.0660716369748116,0.0025278702378273
-0.0733202993869781,0.0680753886699677,0.0025278702378273
-0.0733202993869781,0.0680753886699677,0.022851973772049
-0.0713031589984894,0.0660716369748116,0.022851973772049
-0.0713031589984894,0.0660716369748116,0.0269168019294739
-0.0733202993869781,0.0680753886699677,0.0269168019294739
-0.0713031589984894,0.0680753886699677,0.0289492085576057
-0.0672688782215118,0.0680753886699677,-0.00763418525457382
-0.0672688782215118,0.0660716369748116,-0.00560177862644196
-0.0692860186100006,0.0680753886699677,-0.00560177862644196
-0.0672688782215118,0.0660716369748116,0.0269168019294739
-0.0692860186100006,0.0680753886699677,0.0309816226363182
-0.0672688782215118,0.0660716369748116,0.0309816226363182
-0.0672688782215118,0.0680753886699677,0.0330140292644501
-0.0632345974445343,0.0680753886699677,-0.0116990059614182
-0.0632345974445343,0.0660716369748116,-0.00966659933328629
-0.0652517378330231,0.0680753886699677,-0.00966659933328629
-0.0632345974445343,0.0660716369748116,-0.00560177862644196
-0.0632345974445343,0.0660716369748116,0.0309816226363182
-0.0632345974445343,0.0680753886699677,0.0330140292644501
-0.0592003203928471,0.0680753886699677,-0.0116990059614182
-0.0592003203928471,0.0660716369748116,-0.00966659933328629
-0.0612174607813358,0.0680753886699677,0.0350464433431625
-0.0592003203928471,0.0660716369748116,0.0350464433431625
-0.0592003203928471,0.0680753886699677,0.0370788499712944
-0.0551660433411598,0.0680753886699677,-0.0116990059614182
-0.0551660433411598,0.0660716369748116,-0.00966659933328629
-0.0551660433411598,0.0660716369748116,0.0350464433431625
-0.0551660433411598,0.0680753886699677,0.0370788499712944
-0.0511317625641823,0.0680753886699677,-0.0116990059614182
-0.0511317625641823,0.0660716369748116,0.0350464433431625
-0.0511317625641823,0.0680753886699677,0.0370788499712944
-0.0470974892377853,0.0680753886699677,-0.0157638266682625
-0.0470974892377853,0.0660716369748116,-0.0137314200401306
-0.0491146221756935,0.0680753886699677,-0.0137314200401306
-0.0491146221756935,0.0680753886699677,0.0391112565994263
-0.0470974892377853,0.0660716369748116,0.0391112565994263
-0.0470974892377853,0.0680753886699677,0.0411436706781387
-0.0430632084608078,0.0680753886699677,-0.0157638266682625
-0.0430632084608078,0.0680753886699677,0.0411436706781387
-0.0390289276838303,0.0680753886699677,-0.0157638266682625
-0.0390289276838303,0.0680753886699677,0.0411436706781387
-0.0349946543574333,0.0680753886699677,-0.0157638266682625
-0.0349946543574333,0.0680753886699677,0.0411436706781387
-0.0309603735804558,0.0680753886699677,-0.0238934755325317
-0.0309603735804558,0.0660716369748116,-0.0218610614538193
-0.0329775139689445,0.0680753886699677,-0.0218610614538193
-0.0329775139689445,0.0680753886699677,-0.0177962407469749
-0.0309603735804558,0.0660716369748116,0.0391112565994263
-0.0309603735804558,0.0680753886699677,0.0411436706781387
-0.0269260928034782,0.0680753886699677,-0.0320231169462204
-0.028943233191967,0.0680753886699677,-0.0299907028675079
-0.028943233191967,0.0680753886699677,-0.0259258821606636
-0.0269260928034782,0.0660716369748116,0.0391112565994263
-0.0269260928034782,0.0680753886699677,0.0411436706781387
-0.0228918194770813,0.0680753886699677,-0.0360879376530647
-0.0249089524149895,0.0680753886699677,-0.0340555272996426
-0.0249089524149895,0.0680753886699677,0.0431760847568512
-0.0228918194770813,0.0660716369748116,0.0472409129142761
-0.0249089524149895,0.0680753886699677,0.0472409129142761
-0.0228918194770813,0.0680753886699677,0.0492733120918274
-0.0188575387001038,0.0680753886699677,-0.0360879376530647
-0.0208746790885925,0.0680753886699677,0.0513057261705399
-0.0188575387001038,0.0660716369748116,0.0513057261705399
-0.0188575387001038,0.0680753886699677,0.0533381402492523
-0.0148232579231262,0.0680753886699677,-0.0360879376530647
-0.0148232579231262,0.0680753886699677,0.0533381402492523
-0.0107889771461487,0.0680753886699677,-0.0360879376530647
-0.0107889771461487,0.0680753886699677,0.0533381402492523
-0.00675470381975174,0.0680753886699677,-0.0360879376530647
-0.00877184420824051,0.0680753886699677,0.0553705543279648
-0.00675470381975174,0.0680753886699677,0.0574029535055161
-0.0027204230427742,0.0680753886699677,-0.0360879376530647
-0.0027204230427742,0.0680753886699677,0.0574029535055161
-0.000703282654285431,0.0680753886699677,-0.0340555272996426
0.00131385773420334,0.0660716369748116,-0.0340555272996426
0.00131385773420334,0.0680753886699677,-0.0320231169462204
0.00131385773420334,0.0680753886699677,0.0574029535055161
0.00534813106060028,0.0680753886699677,-0.0320231169462204
0.00534813106060028,0.0680753886699677,0.0574029535055161
0.00938241183757782,0.0680753886699677,-0.0320231169462204
0.00938241183757782,0.0680753886699677,0.0533381402492523
0.00736527144908905,0.0680753886699677,0.0553705543279648
0.0134166926145554,0.0680753886699677,-0.0320231169462204
0.0134166926145554,0.0680753886699677,0.0533381402492523
0.0154338330030441,0.0680753886699677,-0.0299907028675079
0.0174509733915329,0.0680753886699677,-0.0279582925140858
0.0174509733915329,0.0680753886699677,0.0492733120918274
0.0154338330030441,0.0680753886699677,0.0513057261705399
0.0214852541685104,0.0680753886699677,-0.0279582925140858
0.0214852541685104,0.0660716369748116,0.0472409129142761
0.0214852541685104,0.0680753886699677,0.0492733120918274
0.023502379655838,0.0680753886699677,-0.0259258821606636
0.0255195200443268,0.0680753886699677,-0.0238934755325317
0.0255195200443268,0.0680753886699677,0.0452084988355637
0.023502379655838,0.0680753886699677,0.0472409129142761
0.0275366604328156,0.0680753886699677,-0.0218610614538193
0.0295538008213043,0.0680753886699677,-0.0198286473751068
0.0295538008213043,0.0680753886699677,0.0411436706781387
0.0275366604328156,0.0680753886699677,0.0431760847568512
0.0315709412097931,0.0680753886699677,-0.0177962407469749
0.0335880815982819,0.0680753886699677,-0.0157638266682625
0.0335880815982819,0.0680753886699677,0.0411436706781387
0.0356052219867706,0.0680753886699677,-0.0137314200401306
0.0376223623752594,0.0680753886699677,-0.0116990059614182
0.0376223623752594,0.0680753886699677,0.0370788499712944
0.0356052219867706,0.0680753886699677,0.0391112565994263
0.0396395027637482,0.0680753886699677,-0.00966659933328629
0.0396395027637482,0.0680753886699677,-0.00560177862644196
0.0416566431522369,0.0680753886699677,-0.00356936454772949
0.0416566431522369,0.0680753886699677,0.0289492085576057
0.0396395027637482,0.0680753886699677,0.0309816226363182
0.0396395027637482,0.0680753886699677,0.0350464433431625
0.0436737835407257,0.0680753886699677,-0.00153695046901703
0.0456909239292145,0.0660716369748116,-0.00153695046901703
0.0456909239292145,0.0680753886699677,0.000495456159114838
0.0456909239292145,0.0680753886699677,0.0248843878507614
0.0436737835407257,0.0680753886699677,0.0269168019294739
0.0456909239292145,0.0660716369748116,0.0269168019294739
0.0497251898050308,0.0660716369748116,-0.00153695046901703
0.0497251898050308,0.0680753886699677,0.000495456159114838
0.0497251898050308,0.0660716369748116,0.0269168019294739
0.0497251898050308,0.0680753886699677,0.0248843878507614
0.0537594705820084,0.0680753886699677,0.000495456159114838
0.0537594705820084,0.0660716369748116,0.0269168019294739
0.0537594705820084,0.0680753886699677,0.0248843878507614
0.0557766109704971,0.0680753886699677,0.0025278702378273
0.0577937513589859,0.0680753886699677,0.00456027686595917
0.0577937513589859,0.0680753886699677,0.0208195671439171
0.0557766109704971,0.0680753886699677,0.022851973772049
0.0577937513589859,0.0660716369748116,0.022851973772049
0.0598108917474747,0.0680753886699677,0.00659269094467163
0.0598108917474747,0.0680753886699677,0.010657511651516
0.0598108917474747,0.0680753886699677,0.0147223323583603
0.0598108917474747,0.0680753886699677,0.0187871530652046
-0.0793717131018639,0.0720828920602798,0.00456027686595917
-0.0793717131018639,0.0700791478157043,0.00659269094467163
-0.0813888534903526,0.0720828920602798,0.00659269094467163
-0.0793717131018639,0.0700791478157043,0.010657511651516
-0.0813888534903526,0.0720828920602798,0.010657511651516
-0.0793717131018639,0.0700791478157043,0.0147223323583603
-0.0813888534903526,0.0720828920602798,0.0147223323583603
-0.0793717131018639,0.0700791478157043,0.0187871530652046
-0.0813888534903526,0.0720828920602798,0.0187871530652046
-0.0793717131018639,0.0720828920602798,0.0208195671439171
-0.0753374397754669,0.0720828920602798,-0.00763418525457382
-0.0753374397754669,0.0700791478157043,-0.00560177862644196
-0.0773545801639557,0.0720828920602798,-0.00560177862644196
-0.0753374397754669,0.0700791478157043,-0.00153695046901703
-0.0773545801639557,0.0720828920602798,-0.00153695046901703
-0.0753374397754669,0.0700791478157043,0.0025278702378273
-0.0773545801639557,0.0720828920602798,0.0025278702378273
-0.0773545801639557,0.0720828920602798,0.022851973772049
-0.0753374397754669,0.0700791478157043,0.022851973772049
-0.0753374397754669,0.0700791478157043,0.0269168019294739
-0.0773545801639557,0.0720828920602798,0.0269168019294739
-0.0753374397754669,0.0720828920602798,0.0289492085576057
-0.0713031589984894,0.0720828920602798,-0.00763418525457382
-0.0713031589984894,0.0700791478157043,-0.00560177862644196
-0.0733202993869781,0.0720828920602798,0.0309816226363182
-0.0713031589984894,0.0700791478157043,0.0309816226363182
-0.0713031589984894,0.0720828920602798,0.0330140292644501
-0.0672688782215118,0.0720828920602798,-0.0116990059614182
-0.0672688782215118,0.0700791478157043,-0.00966659933328629
-0.0692860186100006,0.0720828920602798,-0.00966659933328629
-0.0692860186100006,0.0720828920602798,0.0350464433431625
-0.0672688782215118,0.0700791478157043,0.0350464433431625
-0.0672688782215118,0.0720828920602798,0.0370788499712944
-0.0632345974445343,0.0720828920602798,-0.0157638266682625
-0.0632345974445343,0.0700791478157043,-0.0137314200401306
-0.0652517378330231,0.0720828920602798,-0.0137314200401306
-0.0632345974445343,0.0700791478157043,0.0350464433431625
-0.0632345974445343,0.0720828920602798,0.0370788499712944
-0.0592003203928471,0.0720828920602798,-0.0157638266682625
-0.0592003203928471,0.0700791478157043,-0.0137314200401306
-0.0612174607813358,0.0720828920602798,0.0391112565994263
-0.0592003203928471,0.0700791478157043,0.0391112565994263
-0.0592003203928471,0.0720828920602798,0.0411436706781387
-0.0551660433411598,0.0720828920602798,-0.0157638266682625
-0.0551660433411598,0.0700791478157043,-0.0137314200401306
-0.0551660433411598,0.0700791478157043,0.0391112565994263
-0.0551660433411598,0.0720828920602798,0.0411436706781387
-0.0511317625641823,0.0720828920602798,-0.0157638266682625
-0.0511317625641823,0.0700791478157043,-0.0137314200401306
-0.0511317625641823,0.0700791478157043,0.0391112565994263
-0.0511317625641823,0.0720828920602798,0.0411436706781387
-0.0470974892377853,0.0720828920602798,-0.0157638266682625
-0.0470974892377853,0.0720828920602798,0.0411436706781387
-0.0430632084608078,0.0720828920602798,-0.0198286473751068
-0.0430632084608078,0.0700791478157043,-0.0177962407469749
-0.0450803488492966,0.0720828920602798,-0.0177962407469749
-0.0430632084608078,0.0720828920602798,0.0411436706781387
-0.041046068072319,0.0720828920602798,-0.0177962407469749
-0.0390289276838303,0.0720828920602798,-0.0157638266682625
-0.0390289276838303,0.0720828920602798,0.0411436706781387
-0.0349946543574333,0.0720828920602798,-0.0198286473751068
-0.0349946543574333,0.0700791478157043,-0.0177962407469749
-0.0370117872953415,0.0720828920602798,-0.0177962407469749
-0.0349946543574333,0.0720828920602798,0.0411436706781387
-0.0309603735804558,0.0720828920602798,-0.0279582925140858
-0.0309603735804558,0.0700791478157043,-0.0259258821606636
-0.0329775139689445,0.0720828920602798,-0.0259258821606636
-0.0329775139689445,0.0720828920602798,-0.0218610614538193
-0.0309603735804558,0.0720828920602798,0.0411436706781387
-0.0269260928034782,0.0720828920602798,-0.0360879376530647
-0.0269260928034782,0.0700791478157043,-0.0340555272996426
-0.028943233191967,0.0720828920602798,-0.0340555272996426
-0.028943233191967,0.0720828920602798,-0.0299907028675079
-0.0269260928034782,0.0720828920602798,0.0411436706781387
-0.0228918194770813,0.0720828920602798,-0.0360879376530647
-0.0249089524149895,0.0720828920602798,0.0431760847568512
-0.0249089524149895,0.0720828920602798,0.0472409129142761
-0.0228918194770813,0.0720828920602798,0.0492733120918274
-0.0188575387001038,0.0720828920602798,-0.0401527583599091
-0.0188575387001038,0.0700791478157043,-0.0381203480064869
-0.0208746790885925,0.0720828920602798,-0.0381203480064869
-0.0208746790885925,0.0720828920602798,0.0513057261705399
-0.0188575387001038,0.0720828920602798,0.0533381402492523
-0.0148232579231262,0.0720828920602798,-0.0401527583599091
-0.0148232579231262,0.0700791478157043,-0.0381203480064869
-0.0148232579231262,0.0720828920602798,0.0533381402492523
-0.0128061175346375,0.0720828920602798,-0.0381203480064869
-0.0107889771461487,0.0720828920602798,-0.0360879376530647
-0.0128061175346375,0.0720828920602798,0.0553705543279648
-0.0107889771461487,0.0700791478157043,0.0553705543279648
-0.0107889771461487,0.0720828920602798,0.0574029535055161
-0.00675470381975174,0.0720828920602798,-0.0360879376530647
-0.00675470381975174,0.0720828920602798,0.0574029535055161
-0.0027204230427742,0.0720828920602798,-0.0360879376530647
-0.0027204230427742,0.0720828920602798,0.0574029535055161
0.00131385773420334,0.0700791478157043,-0.0340555272996426
0.00131385773420334,0.0720828920602798,-0.0360879376530647
0.00131385773420334,0.0720828920602798,0.0574029535055161
0.00534813106060028,0.0720828920602798,-0.0360879376530647
0.00534813106060028,0.0700791478157043,-0.0340555272996426
0.00534813106060028,0.0720828920602798,0.0574029535055161
0.00736527144908905,0.0720828920602798,-0.0340555272996426
0.00938241183757782,0.0720828920602798,-0.0320231169462204
0.00938241183757782,0.0700791478157043,0.0553705543279648
0.00938241183757782,0.0720828920602798,0.0574029535055161
0.0134166926145554,0.0720828920602798,-0.0320231169462204
0.0134166926145554,0.0720828920602798,0.0533381402492523
0.0113995522260666,0.0720828920602798,0.0553705543279648
0.0154338330030441,0.0720828920602798,-0.0299907028675079
0.0174509733915329,0.0720828920602798,-0.0279582925140858
0.0174509733915329,0.0720828920602798,0.0492733120918274
0.0154338330030441,0.0720828920602798,0.0513057261705399
0.0214852541685104,0.0720828920602798,-0.0279582925140858
0.0214852541685104,0.0720828920602798,0.0492733120918274
0.023502379655838,0.0720828920602798,-0.0259258821606636
0.0255195200443268,0.0720828920602798,-0.0238934755325317
0.0255195200443268,0.0720828920602798,0.0452084988355637
0.023502379655838,0.0720828920602798,0.0472409129142761
0.0275366604328156,0.0720828920602798,-0.0218610614538193
0.0295538008213043,0.0720828920602798,-0.0198286473751068
0.0295538008213043,0.0720828920602798,0.0411436706781387
0.0275366604328156,0.0720828920602798,0.0431760847568512
0.0315709412097931,0.0720828920602798,-0.0177962407469749
0.0335880815982819,0.0720828920602798,-0.0157638266682625
0.0335880815982819,0.0720828920602798,0.0411436706781387
0.0356052219867706,0.0720828920602798,-0.0137314200401306
0.0376223623752594,0.0720828920602798,-0.0116990059614182
0.0376223623752594,0.0720828920602798,0.0370788499712944
0.0356052219867706,0.0720828920602798,0.0391112565994263
0.0396395027637482,0.0720828920602798,-0.00966659933328629
0.0416566431522369,0.0700791478157043,-0.00560177862644196
0.0416566431522369,0.0720828920602798,-0.00763418525457382
0.0416566431522369,0.0720828920602798,0.0289492085576057
0.0396395027637482,0.0720828920602798,0.0309816226363182
0.0396395027637482,0.0720828920602798,0.0350464433431625
0.0436737835407257,0.0720828920602798,-0.00560177862644196
0.0436737835407257,0.0720828920602798,-0.00153695046901703
0.0436737835407257,0.0720828920602798,0.0025278702378273
0.0456909239292145,0.0700791478157043,0.0025278702378273
0.0456909239292145,0.0720828920602798,0.00456027686595917
0.0456909239292145,0.0720828920602798,0.0208195671439171
0.0436737835407257,0.0720828920602798,0.022851973772049
0.0456909239292145,0.0700791478157043,0.022851973772049
0.0436737835407257,0.0720828920602798,0.0269168019294739
0.0497251898050308,0.0700791478157043,0.0025278702378273
0.0477080643177032,0.0720828920602798,0.00659269094467163
0.0497251898050308,0.0700791478157043,0.00659269094467163
0.0497251898050308,0.0720828920602798,0.0086250975728035
0.0497251898050308,0.0700791478157043,0.022851973772049
0.0497251898050308,0.0720828920602798,0.0208195671439171
0.0537594705820084,0.0700791478157043,0.0025278702378273
0.0537594705820084,0.0700791478157043,0.00659269094467163
0.0537594705820084,0.0720828920602798,0.0086250975728035
0.0537594705820084,0.0700791478157043,0.022851973772049
0.0537594705820084,0.0720828920602798,0.0208195671439171
0.0577937513589859,0.0700791478157043,0.00659269094467163
0.0557766109704971,0.0720828920602798,0.010657511651516
0.0577937513589859,0.0700791478157043,0.010657511651516
0.0557766109704971,0.0720828920602798,0.0147223323583603
0.0577937513589859,0.0700791478157043,0.0147223323583603
0.0557766109704971,0.0720828920602798,0.0187871530652046
0.0577937513589859,0.0700791478157043,0.0187871530652046
-0.0834059938788414,0.076090395450592,0.00456027686595917
-0.0834059938788414,0.0740866512060165,0.00659269094467163
-0.0854231268167496,0.076090395450592,0.00659269094467163
-0.0834059938788414,0.076090395450592,0.0086250975728035
-0.0793717131018639,0.076090395450592,-0.00356936454772949
-0.0793717131018639,0.0740866512060165,-0.00153695046901703
-0.0813888534903526,0.076090395450592,-0.00153695046901703
-0.0793717131018639,0.0740866512060165,0.0025278702378273
-0.0813888534903526,0.076090395450592,0.0025278702378273
-0.0813888534903526,0.076090395450592,0.010657511651516
-0.0813888534903526,0.076090395450592,0.0147223323583603
-0.0813888534903526,0.076090395450592,0.0187871530652046
-0.0793717131018639,0.0740866512060165,0.022851973772049
-0.0813888534903526,0.076090395450592,0.022851973772049
-0.0793717131018639,0.0740866512060165,0.0269168019294739
-0.0813888534903526,0.076090395450592,0.0269168019294739
-0.0793717131018639,0.076090395450592,0.0289492085576057
-0.0753374397754669,0.076090395450592,-0.00763418525457382
-0.0773545801639557,0.076090395450592,-0.00560177862644196
-0.0773545801639557,0.076090395450592,0.0309816226363182
-0.0753374397754669,0.0740866512060165,0.0309816226363182
-0.0753374397754669,0.076090395450592,0.0330140292644501
-0.0713031589984894,0.076090395450592,-0.0116990059614182
-0.0713031589984894,0.0740866512060165,-0.00966659933328629
-0.0733202993869781,0.076090395450592,-0.00966659933328629
-0.0733202993869781,0.076090395450592,0.0350464433431625
-0.0713031589984894,0.0740866512060165,0.0350464433431625
-0.0713031589984894,0.076090395450592,0.0370788499712944
-0.0672688782215118,0.076090395450592,-0.0157638266682625
-0.0672688782215118,0.0740866512060165,-0.0137314200401306
-0.0692860186100006,0.076090395450592,-0.0137314200401306
-0.0692860186100006,0.076090395450592,0.0391112565994263
-0.0672688782215118,0.0740866512060165,0.0391112565994263
-0.0672688782215118,0.076090395450592,0.0411436706781387
-0.0632345974445343,0.076090395450592,-0.0157638266682625
-0.0632345974445343,0.0740866512060165,0.0391112565994263
-0.0632345974445343,0.076090395450592,0.0411436706781387
-0.0592003203928471,0.076090395450592,-0.0198286473751068
-0.0592003203928471,0.0740866512060165,-0.0177962407469749
-0.0612174607813358,0.076090395450592,-0.0177962407469749
-0.0592003203928471,0.076090395450592,0.0411436706781387
-0.0551660433411598,0.076090395450592,-0.0198286473751068
-0.0551660433411598,0.0740866512060165,-0.0177962407469749
-0.0551660433411598,0.076090395450592,0.0411436706781387
-0.0511317625641823,0.076090395450592,-0.0198286473751068
-0.0511317625641823,0.0740866512060165,-0.0177962407469749
-0.0511317625641823,0.076090395450592,0.0411436706781387
-0.0470974892377853,0.076090395450592,-0.0198286473751068
-0.0470974892377853,0.0740866512060165,-0.0177962407469749
-0.0470974892377853,0.076090395450592,0.0411436706781387
-0.0430632084608078,0.076090395450592,-0.0198286473751068
-0.0430632084608078,0.076090395450592,0.0411436706781387
-0.0390289276838303,0.0740866512060165,-0.0177962407469749
-0.0390289276838303,0.076090395450592,-0.0198286473751068
-0.0390289276838303,0.076090395450592,0.0411436706781387
-0.0349946543574333,0.076090395450592,-0.0198286473751068
-0.0349946543574333,0.076090395450592,0.0411436706781387
-0.0309603735804558,0.076090395450592,-0.0320231169462204
-0.0309603735804558,0.0740866512060165,-0.0299907028675079
-0.0329775139689445,0.076090395450592,-0.0299907028675079
-0.0329775139689445,0.076090395450592,-0.0259258821606636
-0.0329775139689445,0.076090395450592,-0.0218610614538193
-0.0309603735804558,0.076090395450592,0.0411436706781387
-0.0269260928034782,0.076090395450592,-0.0360879376530647
-0.028943233191967,0.076090395450592,-0.0340555272996426
-0.028943233191967,0.076090395450592,0.0431760847568512
-0.0269260928034782,0.0740866512060165,0.0431760847568512
-0.0269260928034782,0.076090395450592,0.0452084988355637
-0.0228918194770813,0.076090395450592,-0.0401527583599091
-0.0228918194770813,0.0740866512060165,-0.0381203480064869
-0.0249089524149895,0.076090395450592,-0.0381203480064869
-0.0249089524149895,0.076090395450592,0.0472409129142761
-0.0228918194770813,0.0740866512060165,0.0513057261705399
-0.0249089524149895,0.076090395450592,0.0513057261705399
-0.0228918194770813,0.076090395450592,0.0533381402492523
-0.0188575387001038,0.076090395450592,-0.0401527583599091
-0.0188575387001038,0.076090395450592,0.0533381402492523
-0.0148232579231262,0.076090395450592,-0.0401527583599091
-0.016840398311615,0.076090395450592,0.0553705543279648
-0.0148232579231262,0.0740866512060165,0.0553705543279648
-0.0148232579231262,0.076090395450592,0.0574029535055161
-0.0107889771461487,0.0740866512060165,-0.0381203480064869
-0.0107889771461487,0.076090395450592,-0.0401527583599091
-0.0107889771461487,0.076090395450592,0.0574029535055161
-0.00877184420824051,0.076090395450592,-0.0381203480064869
-0.00675470381975174,0.076090395450592,-0.0360879376530647
-0.00675470381975174,0.076090395450592,0.0574029535055161
-0.0027204230427742,0.076090395450592,-0.0360879376530647
-0.0027204230427742,0.076090395450592,0.0574029535055161
0.00131385773420334,0.076090395450592,-0.0360879376530647
0.00131385773420334,0.076090395450592,0.0574029535055161
0.00534813106060028,0.076090395450592,-0.0360879376530647
0.00534813106060028,0.076090395450592,0.0574029535055161
0.00736527144908905,0.076090395450592,-0.0340555272996426
0.00938241183757782,0.076090395450592,-0.0320231169462204
0.00938241183757782,0.076090395450592,0.0574029535055161
0.0134166926145554,0.076090395450592,-0.0320231169462204
0.0134166926145554,0.076090395450592,0.0533381402492523
0.0113995522260666,0.076090395450592,0.0553705543279648
0.0154338330030441,0.076090395450592,-0.0299907028675079
0.0174509733915329,0.076090395450592,-0.0279582925140858
0.0174509733915329,0.0740866512060165,0.0513057261705399
0.0174509733915329,0.076090395450592,0.0533381402492523
0.0214852541685104,0.076090395450592,-0.0279582925140858
0.0214852541685104,0.076090395450592,0.0492733120918274
0.0194681137800217,0.076090395450592,0.0513057261705399
0.023502379655838,0.076090395450592,-0.0259258821606636
0.0255195200443268,0.076090395450592,-0.0238934755325317
0.0255195200443268,0.076090395450592,0.0452084988355637
0.023502379655838,0.076090395450592,0.0472409129142761
0.0275366604328156,0.076090395450592,-0.0218610614538193
0.0295538008213043,0.076090395450592,-0.0198286473751068
0.0295538008213043,0.0740866512060165,0.0431760847568512
0.0295538008213043,0.076090395450592,0.0452084988355637
0.0315709412097931,0.076090395450592,-0.0177962407469749
0.0335880815982819,0.076090395450592,-0.0157638266682625
0.0335880815982819,0.076090395450592,0.0411436706781387
0.0315709412097931,0.076090395450592,0.0431760847568512
0.0356052219867706,0.076090395450592,-0.0137314200401306
0.0376223623752594,0.076090395450592,-0.0116990059614182
0.0376223623752594,0.076090395450592,0.0370788499712944
0.0356052219867706,0.076090395450592,0.0391112565994263
0.0396395027637482,0.076090395450592,-0.00966659933328629
0.0416566431522369,0.076090395450592,-0.00763418525457382
0.0416566431522369,0.076090395450592,0.0289492085576057
0.0396395027637482,0.076090395450592,0.0309816226363182
0.0396395027637482,0.076090395450592,0.0350464433431625
0.0436737835407257,0.076090395450592,-0.00560177862644196
0.0436737835407257,0.076090395450592,-0.00153695046901703
0.0436737835407257,0.076090395450592,0.0025278702378273
0.0456909239292145,0.076090395450592,0.00456027686595917
0.0456909239292145,0.076090395450592,0.0208195671439171
0.0436737835407257,0.076090395450592,0.022851973772049
0.0436737835407257,0.076090395450592,0.0269168019294739
0.0477080643177032,0.076090395450592,0.00659269094467163
0.0477080643177032,0.076090395450592,0.010657511651516
0.0497251898050308,0.0740866512060165,0.010657511651516
0.0477080643177032,0.076090395450592,0.0147223323583603
0.0497251898050308,0.0740866512060165,0.0147223323583603
0.0477080643177032,0.076090395450592,0.0187871530652046
0.0497251898050308,0.0740866512060165,0.0187871530652046
0.0537594705820084,0.0740866512060165,0.010657511651516
0.0537594705820084,0.0740866512060165,0.0147223323583603
0.0537594705820084,0.0740866512060165,0.0187871530652046
-0.0834059938788414,0.0800979137420654,0.000495456159114838
-0.0834059938788414,0.0780941545963287,0.0025278702378273
-0.0854231268167496,0.0800979137420654,0.0025278702378273
-0.0854231268167496,0.0800979137420654,0.00659269094467163
-0.0834059938788414,0.0780941545963287,0.010657511651516
-0.0854231268167496,0.0800979137420654,0.010657511651516
-0.0834059938788414,0.0780941545963287,0.0147223323583603
-0.0854231268167496,0.0800979137420654,0.0147223323583603
-0.0834059938788414,0.0780941545963287,0.0187871530652046
-0.0854231268167496,0.0800979137420654,0.0187871530652046
-0.0834059938788414,0.0780941545963287,0.022851973772049
-0.0854231268167496,0.0800979137420654,0.022851973772049
-0.0834059938788414,0.0800979137420654,0.0248843878507614
-0.0793717131018639,0.0800979137420654,-0.00763418525457382
-0.0793717131018639,0.0780941545963287,-0.00560177862644196
-0.0813888534903526,0.0800979137420654,-0.00560177862644196
-0.0813888534903526,0.0800979137420654,-0.00153695046901703
-0.0813888534903526,0.0800979137420654,0.0269168019294739
-0.0793717131018639,0.0780941545963287,0.0309816226363182
-0.0813888534903526,0.0800979137420654,0.0309816226363182
-0.0793717131018639,0.0800979137420654,0.0330140292644501
-0.0753374397754669,0.0800979137420654,-0.0116990059614182
-0.0753374397754669,0.0780941545963287,-0.00966659933328629
-0.0773545801639557,0.0800979137420654,-0.00966659933328629
-0.0773545801639557,0.0800979137420654,0.0350464433431625
-0.0753374397754669,0.0780941545963287,0.0350464433431625
-0.0753374397754669,0.0800979137420654,0.0370788499712944
-0.0713031589984894,0.0800979137420654,-0.0157638266682625
-0.0713031589984894,0.0780941545963287,-0.0137314200401306
-0.0733202993869781,0.0800979137420654,-0.0137314200401306
-0.0733202993869781,0.0800979137420654,0.0391112565994263
-0.0713031589984894,0.0780941545963287,0.0391112565994263
-0.0713031589984894,0.0800979137420654,0.0411436706781387
-0.0672688782215118,0.0800979137420654,-0.0157638266682625
-0.0672688782215118,0.0800979137420654,0.0411436706781387
-0.0632345974445343,0.0800979137420654,-0.0198286473751068
-0.0632345974445343,0.0780941545963287,-0.0177962407469749
-0.0652517378330231,0.0800979137420654,-0.0177962407469749
-0.0632345974445343,0.0800979137420654,0.0411436706781387
-0.0592003203928471,0.0800979137420654,-0.0198286473751068
-0.0612174607813358,0.0800979137420654,0.0431760847568512
-0.0592003203928471,0.0780941545963287,0.0431760847568512
-0.0592003203928471,0.0800979137420654,0.0452084988355637
-0.0551660433411598,0.0800979137420654,-0.0198286473751068
-0.0551660433411598,0.0780941545963287,0.0431760847568512
-0.0551660433411598,0.0800979137420654,0.0452084988355637
-0.0511317625641823,0.0800979137420654,-0.0198286473751068
-0.0511317625641823,0.0780941545963287,0.0431760847568512
-0.0511317625641823,0.0800979137420654,0.0452084988355637
-0.0470974892377853,0.0800979137420654,-0.0198286473751068
-0.0470974892377853,0.0780941545963287,0.0431760847568512
-0.0470974892377853,0.0800979137420654,0.0452084988355637
-0.0430632084608078,0.0800979137420654,-0.0198286473751068
-0.0430632084608078,0.0800979137420654,0.0411436706781387
-0.0450803488492966,0.0800979137420654,0.0431760847568512
-0.0390289276838303,0.0800979137420654,-0.0198286473751068
-0.0390289276838303,0.0800979137420654,0.0411436706781387
-0.0349946543574333,0.0800979137420654,-0.0238934755325317
-0.0349946543574333,0.0780941545963287,-0.0218610614538193
-0.0370117872953415,0.0800979137420654,-0.0218610614538193
-0.0349946543574333,0.0800979137420654,0.0411436706781387
-0.0309603735804558,0.0800979137420654,-0.0320231169462204
-0.0329775139689445,0.0800979137420654,-0.0299907028675079
-0.0329775139689445,0.0800979137420654,-0.0259258821606636
-0.0309603735804558,0.0800979137420654,0.0411436706781387
-0.0269260928034782,0.0800979137420654,-0.0360879376530647
-0.028943233191967,0.0800979137420654,-0.0340555272996426
-0.028943233191967,0.0800979137420654,0.0431760847568512
-0.0269260928034782,0.0780941545963287,0.0472409129142761
-0.028943233191967,0.0800979137420654,0.0472409129142761
-0.0269260928034782,0.0800979137420654,0.0492733120918274
-0.0228918194770813,0.0800979137420654,-0.0401527583599091
-0.0249089524149895,0.0800979137420654,-0.0381203480064869
-0.0249089524149895,0.0800979137420654,0.0513057261705399
-0.0228918194770813,0.0800979137420654,0.0533381402492523
-0.0188575387001038,0.0800979137420654,-0.0401527583599091
-0.0208746790885925,0.0800979137420654,0.0553705543279648
-0.0188575387001038,0.0780941545963287,0.0553705543279648
-0.0188575387001038,0.0800979137420654,0.0574029535055161
-0.0148232579231262,0.0800979137420654,-0.0401527583599091
-0.0148232579231262,0.0800979137420654,0.0574029535055161
-0.0128061175346375,0.0800979137420654,-0.0381203480064869
-0.0107889771461487,0.0780941545963287,-0.0381203480064869
-0.0107889771461487,0.0800979137420654,-0.0360879376530647
-0.0107889771461487,0.0800979137420654,0.0574029535055161
-0.00675470381975174,0.0800979137420654,-0.0360879376530647
-0.00675470381975174,0.0800979137420654,0.0574029535055161
-0.0027204230427742,0.0800979137420654,-0.0360879376530647
-0.0027204230427742,0.0800979137420654,0.0574029535055161
0.00131385773420334,0.0800979137420654,-0.0360879376530647
0.00131385773420334,0.0800979137420654,0.0574029535055161
0.00333099067211151,0.0800979137420654,-0.0340555272996426
0.00534813106060028,0.0780941545963287,-0.0340555272996426
0.00534813106060028,0.0800979137420654,-0.0320231169462204
0.00534813106060028,0.0800979137420654,0.0574029535055161
0.00938241183757782,0.0800979137420654,-0.0320231169462204
0.00938241183757782,0.0800979137420654,0.0533381402492523
0.00736527144908905,0.0800979137420654,0.0553705543279648
0.00938241183757782,0.0780941545963287,0.0553705543279648
0.0134166926145554,0.0800979137420654,-0.0320231169462204
0.0134166926145554,0.0800979137420654,0.0533381402492523
0.0154338330030441,0.0800979137420654,-0.0299907028675079
0.0174509733915329,0.0800979137420654,-0.0279582925140858
0.0174509733915329,0.0800979137420654,0.0533381402492523
0.0214852541685104,0.0800979137420654,-0.0279582925140858
0.0214852541685104,0.0800979137420654,0.0492733120918274
0.0194681137800217,0.0800979137420654,0.0513057261705399
0.023502379655838,0.0800979137420654,-0.0259258821606636
0.0255195200443268,0.0800979137420654,-0.0238934755325317
0.0255195200443268,0.0780941545963287,0.0472409129142761
0.0255195200443268,0.0800979137420654,0.0492733120918274
0.0275366604328156,0.0800979137420654,-0.0218610614538193
0.0295538008213043,0.0800979137420654,-0.0198286473751068
0.0295538008213043,0.0800979137420654,0.0452084988355637
0.0275366604328156,0.0800979137420654,0.0472409129142761
0.0335880815982819,0.0780941545963287,-0.0177962407469749
0.0335880815982819,0.0800979137420654,-0.0198286473751068
0.0335880815982819,0.0800979137420654,0.0411436706781387
0.0315709412097931,0.0800979137420654,0.0431760847568512
0.0356052219867706,0.0800979137420654,-0.0177962407469749
0.0376223623752594,0.0800979137420654,-0.0157638266682625
0.0376223623752594,0.0780941545963287,-0.0137314200401306
0.0376223623752594,0.0800979137420654,0.0370788499712944
0.0356052219867706,0.0800979137420654,0.0391112565994263
0.0396395027637482,0.0800979137420654,-0.0137314200401306
0.0396395027637482,0.0800979137420654,-0.00966659933328629
0.0416566431522369,0.0800979137420654,-0.00763418525457382
0.0416566431522369,0.0800979137420654,0.0289492085576057
0.0396395027637482,0.0800979137420654,0.0309816226363182
0.0396395027637482,0.0800979137420654,0.0350464433431625
0.0436737835407257,0.0800979137420654,-0.00560177862644196
0.0436737835407257,0.0800979137420654,-0.00153695046901703
0.0436737835407257,0.0800979137420654,0.0025278702378273
0.0456909239292145,0.0800979137420654,0.00456027686595917
0.0456909239292145,0.0800979137420654,0.0208195671439171
0.0436737835407257,0.0800979137420654,0.022851973772049
0.0436737835407257,0.0800979137420654,0.0269168019294739
0.0477080643177032,0.0800979137420654,0.00659269094467163
0.0477080643177032,0.0800979137420654,0.010657511651516
0.0477080643177032,0.0800979137420654,0.0147223323583603
0.0477080643177032,0.0800979137420654,0.0187871530652046
-0.0834059938788414,0.0841054171323776,-0.00356936454772949
-0.0834059938788414,0.0821016579866409,-0.00153695046901703
-0.0854231268167496,0.0841054171323776,-0.00153695046901703
-0.0854231268167496,0.0841054171323776,0.0025278702378273
-0.0854231268167496,0.0841054171323776,0.00659269094467163
-0.0854231268167496,0.0841054171323776,0.010657511651516
-0.0854231268167496,0.0841054171323776,0.0147223323583603
-0.0854231268167496,0.0841054171323776,0.0187871530652046
-0.0854231268167496,0.0841054171323776,0.022851973772049
-0.0834059938788414,0.0821016579866409,0.0269168019294739
-0.0854231268167496,0.0841054171323776,0.0269168019294739
-0.0834059938788414,0.0841054171323776,0.0289492085576057
-0.0793717131018639,0.0841054171323776,-0.00763418525457382
-0.0813888534903526,0.0841054171323776,-0.00560177862644196
-0.0813888534903526,0.0841054171323776,0.0309816226363182
-0.0793717131018639,0.0821016579866409,0.0350464433431625
-0.0813888534903526,0.0841054171323776,0.0350464433431625
-0.0793717131018639,0.0841054171323776,0.0370788499712944
-0.0753374397754669,0.0841054171323776,-0.0157638266682625
-0.0753374397754669,0.0821016579866409,-0.0137314200401306
-0.0773545801639557,0.0841054171323776,-0.0137314200401306
-0.0773545801639557,0.0841054171323776,-0.00966659933328629
-0.0753374397754669,0.0841054171323776,0.0370788499712944
-0.0713031589984894,0.0841054171323776,-0.0157638266682625
-0.0733202993869781,0.0841054171323776,0.0391112565994263
-0.0713031589984894,0.0841054171323776,0.0411436706781387
-0.0672688782215118,0.0841054171323776,-0.0198286473751068
-0.0672688782215118,0.0821016579866409,-0.0177962407469749
-0.0692860186100006,0.0841054171323776,-0.0177962407469749
-0.0692860186100006,0.0841054171323776,0.0431760847568512
-0.0672688782215118,0.0821016579866409,0.0431760847568512
-0.0672688782215118,0.0841054171323776,0.0452084988355637
-0.0632345974445343,0.0841054171323776,-0.0198286473751068
-0.0632345974445343,0.0821016579866409,0.0431760847568512
-0.0632345974445343,0.0841054171323776,0.0452084988355637
-0.0592003203928471,0.0841054171323776,-0.0198286473751068
-0.0592003203928471,0.0841054171323776,0.0452084988355637
-0.0551660433411598,0.0841054171323776,-0.0198286473751068
-0.0551660433411598,0.0841054171323776,0.0452084988355637
-0.0511317625641823,0.0841054171323776,-0.0198286473751068
-0.0511317625641823,0.0841054171323776,0.0452084988355637
-0.0470974892377853,0.0841054171323776,-0.0198286473751068
-0.0470974892377853,0.0841054171323776,0.0452084988355637
-0.0430632084608078,0.0841054171323776,-0.0198286473751068
-0.0430632084608078,0.0841054171323776,0.0411436706781387
-0.0450803488492966,0.0841054171323776,0.0431760847568512
-0.0390289276838303,0.0841054171323776,-0.0198286473751068
-0.041046068072319,0.0841054171323776,0.0431760847568512
-0.0390289276838303,0.0821016579866409,0.0431760847568512
-0.0390289276838303,0.0841054171323776,0.0452084988355637
-0.0349946543574333,0.0841054171323776,-0.0238934755325317
-0.0370117872953415,0.0841054171323776,-0.0218610614538193
-0.0349946543574333,0.0841054171323776,0.0411436706781387
-0.0370117872953415,0.0841054171323776,0.0431760847568512
-0.0309603735804558,0.0841054171323776,-0.0320231169462204
-0.0329775139689445,0.0841054171323776,-0.0299907028675079
-0.0329775139689445,0.0841054171323776,-0.0259258821606636
-0.0309603735804558,0.0841054171323776,0.0411436706781387
-0.0269260928034782,0.0841054171323776,-0.0360879376530647
-0.028943233191967,0.0841054171323776,-0.0340555272996426
-0.028943233191967,0.0841054171323776,0.0431760847568512
-0.028943233191967,0.0841054171323776,0.0472409129142761
-0.0269260928034782,0.0841054171323776,0.0492733120918274
-0.0228918194770813,0.0841054171323776,-0.0401527583599091
-0.0249089524149895,0.0841054171323776,-0.0381203480064869
-0.0249089524149895,0.0841054171323776,0.0513057261705399
-0.0228918194770813,0.0841054171323776,0.0533381402492523
-0.0188575387001038,0.0841054171323776,-0.0401527583599091
-0.0208746790885925,0.0841054171323776,0.0553705543279648
-0.0188575387001038,0.0841054171323776,0.0574029535055161
-0.0148232579231262,0.0841054171323776,-0.0401527583599091
-0.0148232579231262,0.0841054171323776,0.0574029535055161
-0.0107889771461487,0.0821016579866409,-0.0381203480064869
-0.0107889771461487,0.0841054171323776,-0.0401527583599091
-0.0107889771461487,0.0841054171323776,0.0574029535055161
-0.00877184420824051,0.0841054171323776,-0.0381203480064869
-0.00675470381975174,0.0841054171323776,-0.0360879376530647
-0.00675470381975174,0.0841054171323776,0.0574029535055161
-0.0027204230427742,0.0841054171323776,-0.0360879376530647
-0.0027204230427742,0.0841054171323776,0.0574029535055161
0.00131385773420334,0.0841054171323776,-0.0360879376530647
0.00131385773420334,0.0841054171323776,0.0574029535055161
0.00333099067211151,0.0841054171323776,-0.0340555272996426
0.00534813106060028,0.0841054171323776,-0.0320231169462204
0.00534813106060028,0.0841054171323776,0.0574029535055161
0.00938241183757782,0.0841054171323776,-0.0320231169462204
0.00938241183757782,0.0821016579866409,0.0553705543279648
0.00938241183757782,0.0841054171323776,0.0574029535055161
0.0134166926145554,0.0841054171323776,-0.0320231169462204
0.0134166926145554,0.0841054171323776,0.0533381402492523
0.0113995522260666,0.0841054171323776,0.0553705543279648
0.0154338330030441,0.0841054171323776,-0.0299907028675079
0.0174509733915329,0.0841054171323776,-0.0279582925140858
0.0174509733915329,0.0841054171323776,0.0533381402492523
0.0214852541685104,0.0841054171323776,-0.0279582925140858
0.0214852541685104,0.0841054171323776,0.0492733120918274
0.0194681137800217,0.0841054171323776,0.0513057261705399
0.023502379655838,0.0841054171323776,-0.0259258821606636
0.0255195200443268,0.0841054171323776,-0.0238934755325317
0.0255195200443268,0.0841054171323776,0.0492733120918274
0.0275366604328156,0.0841054171323776,-0.0218610614538193
0.0295538008213043,0.0841054171323776,-0.0198286473751068
0.0295538008213043,0.0841054171323776,0.0452084988355637
0.0275366604328156,0.0841054171323776,0.0472409129142761
0.0335880815982819,0.0841054171323776,-0.0198286473751068
0.0335880815982819,0.0841054171323776,0.0411436706781387
0.0315709412097931,0.0841054171323776,0.0431760847568512
0.0356052219867706,0.0841054171323776,-0.0177962407469749
0.0376223623752594,0.0841054171323776,-0.0157638266682625
0.0376223623752594,0.0841054171323776,0.0370788499712944
0.0356052219867706,0.0841054171323776,0.0391112565994263
0.0396395027637482,0.0841054171323776,-0.0137314200401306
0.0396395027637482,0.0841054171323776,-0.00966659933328629
0.0416566431522369,0.0841054171323776,-0.00763418525457382
0.0416566431522369,0.0841054171323776,0.0289492085576057
0.0396395027637482,0.0841054171323776,0.0309816226363182
0.0396395027637482,0.0841054171323776,0.0350464433431625
0.0436737835407257,0.0841054171323776,-0.00560177862644196
0.0436737835407257,0.0841054171323776,-0.00153695046901703
0.0436737835407257,0.0841054171323776,0.0025278702378273
0.0456909239292145,0.0841054171323776,0.00456027686595917
0.0456909239292145,0.0841054171323776,0.0167547464370728
0.0436737835407257,0.0841054171323776,0.0187871530652046
0.0456909239292145,0.0821016579866409,0.0187871530652046
0.0436737835407257,0.0841054171323776,0.022851973772049
0.0436737835407257,0.0841054171323776,0.0269168019294739
0.0477080643177032,0.0841054171323776,0.00659269094467163
0.0477080643177032,0.0841054171323776,0.010657511651516
0.0477080643177032,0.0841054171323776,0.0147223323583603
-0.0874402672052383,0.0881129205226898,0.00456027686595917
-0.0874402672052383,0.0861091613769531,0.00659269094467163
-0.0894574075937271,0.0881129205226898,0.00659269094467163
-0.0874402672052383,0.0861091613769531,0.010657511651516
-0.0894574075937271,0.0881129205226898,0.010657511651516
-0.0874402672052383,0.0861091613769531,0.0147223323583603
-0.0894574075937271,0.0881129205226898,0.0147223323583603
-0.0874402672052383,0.0861091613769531,0.0187871530652046
-0.0894574075937271,0.0881129205226898,0.0187871530652046
-0.0874402672052383,0.0861091613769531,0.022851973772049
-0.0894574075937271,0.0881129205226898,0.022851973772049
-0.0874402672052383,0.0881129205226898,0.0248843878507614
-0.0834059938788414,0.0881129205226898,-0.00356936454772949
-0.0854231268167496,0.0881129205226898,-0.00153695046901703
-0.0854231268167496,0.0881129205226898,0.0025278702378273
-0.0854231268167496,0.0881129205226898,0.0269168019294739
-0.0834059938788414,0.0881129205226898,0.0289492085576057
-0.0793717131018639,0.0881129205226898,-0.00763418525457382
-0.0813888534903526,0.0881129205226898,-0.00560177862644196
-0.0813888534903526,0.0881129205226898,0.0309816226363182
-0.0813888534903526,0.0881129205226898,0.0350464433431625
-0.0793717131018639,0.0881129205226898,0.0370788499712944
-0.0753374397754669,0.0881129205226898,-0.0157638266682625
-0.0773545801639557,0.0881129205226898,-0.0137314200401306
-0.0773545801639557,0.0881129205226898,-0.00966659933328629
-0.0773545801639557,0.0881129205226898,0.0391112565994263
-0.0753374397754669,0.0861091613769531,0.0391112565994263
-0.0753374397754669,0.0881129205226898,0.0411436706781387
-0.0713031589984894,0.0881129205226898,-0.0157638266682625
-0.0713031589984894,0.0881129205226898,0.0411436706781387
-0.0672688782215118,0.0861091613769531,-0.0177962407469749
-0.0672688782215118,0.0881129205226898,-0.0157638266682625
-0.0692860186100006,0.0881129205226898,0.0431760847568512
-0.0672688782215118,0.0881129205226898,0.0452084988355637
-0.0652517378330231,0.0881129205226898,-0.0177962407469749
-0.0632345974445343,0.0881129205226898,-0.0198286473751068
-0.0632345974445343,0.0881129205226898,0.0452084988355637
-0.0592003203928471,0.0881129205226898,-0.0198286473751068
-0.0592003203928471,0.0881129205226898,0.0452084988355637
-0.0551660433411598,0.0881129205226898,-0.0238934755325317
-0.0551660433411598,0.0861091613769531,-0.0218610614538193
-0.0571831837296486,0.0881129205226898,-0.0218610614538193
-0.0551660433411598,0.0881129205226898,0.0452084988355637
-0.0531489029526711,0.0881129205226898,-0.0218610614538193
-0.0511317625641823,0.0881129205226898,-0.0198286473751068
-0.0511317625641823,0.0881129205226898,0.0452084988355637
-0.0470974892377853,0.0881129205226898,-0.0238934755325317
-0.0470974892377853,0.0861091613769531,-0.0218610614538193
-0.0491146221756935,0.0881129205226898,-0.0218610614538193
-0.0470974892377853,0.0881129205226898,0.0452084988355637
-0.0450803488492966,0.0881129205226898,-0.0218610614538193
-0.0430632084608078,0.0881129205226898,-0.0198286473751068
-0.0430632084608078,0.0881129205226898,0.0411436706781387
-0.0450803488492966,0.0881129205226898,0.0431760847568512
-0.0390289276838303,0.0881129205226898,-0.0238934755325317
-0.0390289276838303,0.0861091613769531,-0.0218610614538193
-0.041046068072319,0.0881129205226898,-0.0218610614538193
-0.041046068072319,0.0881129205226898,0.0431760847568512
-0.0390289276838303,0.0881129205226898,0.0452084988355637
-0.0349946543574333,0.0881129205226898,-0.0238934755325317
-0.0349946543574333,0.0881129205226898,0.0411436706781387
-0.0370117872953415,0.0881129205226898,0.0431760847568512
-0.0309603735804558,0.0861091613769531,-0.0299907028675079
-0.0309603735804558,0.0881129205226898,-0.0279582925140858
-0.0329775139689445,0.0881129205226898,-0.0259258821606636
-0.0329775139689445,0.0881129205226898,0.0431760847568512
-0.0309603735804558,0.0861091613769531,0.0431760847568512
-0.0309603735804558,0.0881129205226898,0.0452084988355637
-0.0269260928034782,0.0881129205226898,-0.0360879376530647
-0.028943233191967,0.0881129205226898,-0.0340555272996426
-0.028943233191967,0.0881129205226898,-0.0299907028675079
-0.028943233191967,0.0881129205226898,0.0472409129142761
-0.0269260928034782,0.0881129205226898,0.0492733120918274
-0.0228918194770813,0.0861091613769531,-0.0381203480064869
-0.0228918194770813,0.0881129205226898,-0.0360879376530647
-0.0249089524149895,0.0881129205226898,0.0513057261705399
-0.0228918194770813,0.0881129205226898,0.0533381402492523
-0.0188575387001038,0.0861091613769531,-0.0381203480064869
-0.0188575387001038,0.0881129205226898,-0.0360879376530647
-0.0208746790885925,0.0881129205226898,0.0553705543279648
-0.0188575387001038,0.0881129205226898,0.0574029535055161
-0.016840398311615,0.0881129205226898,-0.0381203480064869
-0.0148232579231262,0.0881129205226898,-0.0401527583599091
-0.0148232579231262,0.0881129205226898,0.0574029535055161
-0.0128061175346375,0.0881129205226898,-0.0381203480064869
-0.0107889771461487,0.0861091613769531,-0.0381203480064869
-0.0107889771461487,0.0881129205226898,-0.0360879376530647
-0.0107889771461487,0.0881129205226898,0.0574029535055161
-0.00675470381975174,0.0881129205226898,-0.0360879376530647
-0.00675470381975174,0.0881129205226898,0.0574029535055161
-0.0027204230427742,0.0881129205226898,-0.0360879376530647
-0.0027204230427742,0.0881129205226898,0.0574029535055161
0.00131385773420334,0.0881129205226898,-0.0360879376530647
0.00131385773420334,0.0881129205226898,0.0574029535055161
0.00333099067211151,0.0881129205226898,-0.0340555272996426
0.00534813106060028,0.0881129205226898,-0.0320231169462204
0.00534813106060028,0.0881129205226898,0.0574029535055161
0.00938241183757782,0.0881129205226898,-0.0320231169462204
0.00938241183757782,0.0881129205226898,0.0533381402492523
0.00736527144908905,0.0881129205226898,0.0553705543279648
0.00938241183757782,0.0861091613769531,0.0553705543279648
0.0134166926145554,0.0881129205226898,-0.0320231169462204
0.0134166926145554,0.0881129205226898,0.0533381402492523
0.0154338330030441,0.0881129205226898,-0.0299907028675079
0.0174509733915329,0.0881129205226898,-0.0279582925140858
0.0174509733915329,0.0881129205226898,0.0492733120918274
0.0154338330030441,0.0881129205226898,0.0513057261705399
0.0174509733915329,0.0861091613769531,0.0513057261705399
0.0194681137800217,0.0881129205226898,-0.0259258821606636
0.0214852541685104,0.0861091613769531,-0.0259258821606636
0.0214852541685104,0.0881129205226898,-0.0238934755325317
0.0214852541685104,0.0881129205226898,0.0492733120918274
0.0255195200443268,0.0881129205226898,-0.0238934755325317
0.0255195200443268,0.0881129205226898,0.0452084988355637
0.023502379655838,0.0881129205226898,0.0472409129142761
0.0255195200443268,0.0861091613769531,0.0472409129142761
0.0275366604328156,0.0881129205226898,-0.0218610614538193
0.0295538008213043,0.0881129205226898,-0.0198286473751068
0.0295538008213043,0.0881129205226898,0.0452084988355637
0.0335880815982819,0.0881129205226898,-0.0198286473751068
0.0335880815982819,0.0881129205226898,0.0411436706781387
0.0315709412097931,0.0881129205226898,0.0431760847568512
0.0356052219867706,0.0881129205226898,-0.0177962407469749
0.0376223623752594,0.0881129205226898,-0.0157638266682625
0.0376223623752594,0.0881129205226898,0.0370788499712944
0.0356052219867706,0.0881129205226898,0.0391112565994263
0.0396395027637482,0.0881129205226898,-0.0137314200401306
0.0396395027637482,0.0881129205226898,-0.00966659933328629
0.0416566431522369,0.0881129205226898,-0.00763418525457382
0.0416566431522369,0.0881129205226898,0.0289492085576057
0.0396395027637482,0.0881129205226898,0.0309816226363182
0.0396395027637482,0.0881129205226898,0.0350464433431625
0.0436737835407257,0.0881129205226898,-0.00560177862644196
0.0436737835407257,0.0881129205226898,-0.00153695046901703
0.0436737835407257,0.0881129205226898,0.0025278702378273
0.0456909239292145,0.0881129205226898,0.00456027686595917
0.0456909239292145,0.0881129205226898,0.0126899257302284
0.0436737835407257,0.0881129205226898,0.0147223323583603
0.0456909239292145,0.0861091613769531,0.0147223323583603
0.0436737835407257,0.0881129205226898,0.0187871530652046
0.0436737835407257,0.0881129205226898,0.022851973772049
0.0436737835407257,0.0881129205226898,0.0269168019294739
0.0477080643177032,0.0881129205226898,0.00659269094467163
0.0477080643177032,0.0881129205226898,0.010657511651516
-0.0874402672052383,0.092120423913002,0.00456027686595917
-0.0894574075937271,0.092120423913002,0.00659269094467163
-0.0894574075937271,0.092120423913002,0.010657511651516
-0.0894574075937271,0.092120423913002,0.0147223323583603
-0.0894574075937271,0.092120423913002,0.0187871530652046
-0.0894574075937271,0.092120423913002,0.022851973772049
-0.0874402672052383,0.092120423913002,0.0248843878507614
-0.0834059938788414,0.092120423913002,-0.00763418525457382
-0.0834059938788414,0.0901166796684265,-0.00560177862644196
-0.0854231268167496,0.092120423913002,-0.00560177862644196
-0.0854231268167496,0.092120423913002,-0.00153695046901703
-0.0854231268167496,0.092120423913002,0.0025278702378273
-0.0854231268167496,0.092120423913002,0.0269168019294739
-0.0834059938788414,0.092120423913002,0.0289492085576057
-0.0793717131018639,0.092120423913002,-0.0116990059614182
-0.0793717131018639,0.0901166796684265,-0.00966659933328629
-0.0813888534903526,0.092120423913002,-0.00966659933328629
-0.0813888534903526,0.092120423913002,0.0309816226363182
-0.0813888534903526,0.092120423913002,0.0350464433431625
-0.0793717131018639,0.092120423913002,0.0370788499712944
-0.0753374397754669,0.092120423913002,-0.0157638266682625
-0.0773545801639557,0.092120423913002,-0.0137314200401306
-0.0773545801639557,0.092120423913002,0.0391112565994263
-0.0753374397754669,0.092120423913002,0.0411436706781387
-0.0713031589984894,0.092120423913002,-0.0157638266682625
-0.0713031589984894,0.092120423913002,0.0411436706781387
-0.0672688782215118,0.092120423913002,-0.0157638266682625
-0.0672688782215118,0.0901166796684265,0.0431760847568512
-0.0672688782215118,0.092120423913002,0.0411436706781387
-0.0632345974445343,0.092120423913002,-0.0198286473751068
-0.0652517378330231,0.092120423913002,-0.0177962407469749
-0.0652517378330231,0.092120423913002,0.0431760847568512
-0.0632345974445343,0.092120423913002,0.0452084988355637
-0.0592003203928471,0.092120423913002,-0.0198286473751068
-0.0592003203928471,0.092120423913002,0.0452084988355637
-0.0551660433411598,0.092120423913002,-0.0238934755325317
-0.0571831837296486,0.092120423913002,-0.0218610614538193
-0.0551660433411598,0.092120423913002,0.0452084988355637
-0.0531489029526711,0.092120423913002,-0.0218610614538193
-0.0511317625641823,0.092120423913002,-0.0198286473751068
-0.0511317625641823,0.092120423913002,0.0452084988355637
-0.0470974892377853,0.0901166796684265,-0.0218610614538193
-0.0470974892377853,0.092120423913002,-0.0198286473751068
-0.0470974892377853,0.092120423913002,0.0452084988355637
-0.0450803488492966,0.092120423913002,-0.0218610614538193
-0.0430632084608078,0.092120423913002,-0.0238934755325317
-0.0430632084608078,0.0901166796684265,-0.0218610614538193
-0.0430632084608078,0.092120423913002,0.0411436706781387
-0.0450803488492966,0.092120423913002,0.0431760847568512
-0.0390289276838303,0.092120423913002,-0.0238934755325317
-0.0390289276838303,0.0901166796684265,0.0431760847568512
-0.0390289276838303,0.092120423913002,0.0411436706781387
-0.0349946543574333,0.092120423913002,-0.0238934755325317
-0.0349946543574333,0.0901166796684265,0.0431760847568512
-0.0370117872953415,0.092120423913002,0.0431760847568512
-0.0349946543574333,0.092120423913002,0.0452084988355637
-0.0309603735804558,0.0901166796684265,-0.0259258821606636
-0.0309603735804558,0.092120423913002,-0.0238934755325317
-0.0309603735804558,0.092120423913002,0.0452084988355637
-0.0269260928034782,0.0901166796684265,-0.0340555272996426
-0.0269260928034782,0.092120423913002,-0.0320231169462204
-0.028943233191967,0.092120423913002,-0.0299907028675079
-0.028943233191967,0.092120423913002,-0.0259258821606636
-0.0269260928034782,0.0901166796684265,0.0472409129142761
-0.0269260928034782,0.092120423913002,0.0452084988355637
-0.0249089524149895,0.092120423913002,-0.0340555272996426
-0.0228918194770813,0.092120423913002,-0.0360879376530647
-0.0249089524149895,0.092120423913002,0.0472409129142761
-0.0228918194770813,0.0901166796684265,0.0513057261705399
-0.0228918194770813,0.092120423913002,0.0492733120918274
-0.0188575387001038,0.092120423913002,-0.0360879376530647
-0.0208746790885925,0.092120423913002,0.0513057261705399
-0.0188575387001038,0.0901166796684265,0.0553705543279648
-0.0188575387001038,0.092120423913002,0.0533381402492523
-0.0148232579231262,0.0901166796684265,-0.0381203480064869
-0.0148232579231262,0.092120423913002,-0.0360879376530647
-0.016840398311615,0.092120423913002,0.0553705543279648
-0.0148232579231262,0.092120423913002,0.0574029535055161
-0.0107889771461487,0.092120423913002,-0.0360879376530647
-0.0107889771461487,0.092120423913002,0.0574029535055161
-0.00675470381975174,0.092120423913002,-0.0360879376530647
-0.00675470381975174,0.092120423913002,0.0574029535055161
-0.0027204230427742,0.092120423913002,-0.0360879376530647
-0.0027204230427742,0.092120423913002,0.0574029535055161
-0.000703282654285431,0.092120423913002,-0.0340555272996426
0.00131385773420334,0.0901166796684265,-0.0340555272996426
0.00131385773420334,0.092120423913002,-0.0320231169462204
0.00131385773420334,0.092120423913002,0.0574029535055161
0.00534813106060028,0.092120423913002,-0.0320231169462204
0.00534813106060028,0.092120423913002,0.0533381402492523
0.00333099067211151,0.092120423913002,0.0553705543279648
0.00534813106060028,0.0901166796684265,0.0553705543279648
0.00938241183757782,0.092120423913002,-0.0320231169462204
0.00938241183757782,0.092120423913002,0.0533381402492523
0.0113995522260666,0.092120423913002,-0.0299907028675079
0.0134166926145554,0.0901166796684265,-0.0299907028675079
0.0134166926145554,0.092120423913002,-0.0279582925140858
0.0134166926145554,0.092120423913002,0.0533381402492523
0.0154338330030441,0.092120423913002,-0.0259258821606636
0.0174509733915329,0.0901166796684265,-0.0259258821606636
0.0174509733915329,0.092120423913002,-0.0238934755325317
0.0174509733915329,0.092120423913002,0.0492733120918274
0.0154338330030441,0.092120423913002,0.0513057261705399
0.0214852541685104,0.092120423913002,-0.0238934755325317
0.0214852541685104,0.092120423913002,0.0492733120918274
0.0255195200443268,0.092120423913002,-0.0238934755325317
0.0255195200443268,0.092120423913002,0.0452084988355637
0.023502379655838,0.092120423913002,0.0472409129142761
0.0275366604328156,0.092120423913002,-0.0218610614538193
0.0295538008213043,0.092120423913002,-0.0198286473751068
0.0295538008213043,0.092120423913002,0.0452084988355637
0.0315709412097931,0.092120423913002,-0.0177962407469749
0.0335880815982819,0.0901166796684265,-0.0177962407469749
0.0335880815982819,0.092120423913002,-0.0157638266682625
0.0335880815982819,0.092120423913002,0.0411436706781387
0.0315709412097931,0.092120423913002,0.0431760847568512
0.0356052219867706,0.092120423913002,-0.0137314200401306
0.0376223623752594,0.0901166796684265,-0.0137314200401306
0.0376223623752594,0.092120423913002,-0.0116990059614182
0.0376223623752594,0.092120423913002,0.0370788499712944
0.0356052219867706,0.092120423913002,0.0391112565994263
0.0396395027637482,0.092120423913002,-0.00966659933328629
0.0416566431522369,0.092120423913002,-0.00763418525457382
0.0416566431522369,0.092120423913002,0.0289492085576057
0.0396395027637482,0.092120423913002,0.0309816226363182
0.0396395027637482,0.092120423913002,0.0350464433431625
0.0436737835407257,0.092120423913002,-0.00560177862644196
0.0436737835407257,0.092120423913002,-0.00153695046901703
0.0436737835407257,0.092120423913002,0.0025278702378273
0.0436737835407257,0.092120423913002,0.00659269094467163
0.0456909239292145,0.0901166796684265,0.00659269094467163
0.0436737835407257,0.092120423913002,0.010657511651516
0.0456909239292145,0.0901166796684265,0.010657511651516
0.0436737835407257,0.092120423913002,0.0147223323583603
0.0436737835407257,0.092120423913002,0.0187871530652046
0.0436737835407257,0.092120423913002,0.022851973772049
0.0436737835407257,0.092120423913002,0.0269168019294739
-0.0874402672052383,0.0961279273033142,0.00456027686595917
-0.0894574075937271,0.0961279273033142,0.00659269094467163
-0.0894574075937271,0.0961279273033142,0.010657511651516
-0.0894574075937271,0.0961279273033142,0.0147223323583603
-0.0894574075937271,0.0961279273033142,0.0187871530652046
-0.0894574075937271,0.0961279273033142,0.022851973772049
-0.0874402672052383,0.0961279273033142,0.0248843878507614
-0.0834059938788414,0.0941241830587387,-0.00560177862644196
-0.0834059938788414,0.0961279273033142,-0.00356936454772949
-0.0854231268167496,0.0961279273033142,-0.00153695046901703
-0.0854231268167496,0.0961279273033142,0.0025278702378273
-0.0854231268167496,0.0961279273033142,0.0269168019294739
-0.0834059938788414,0.0961279273033142,0.0289492085576057
-0.0793717131018639,0.0941241830587387,-0.00966659933328629
-0.0793717131018639,0.0961279273033142,-0.00763418525457382
-0.0813888534903526,0.0961279273033142,-0.00560177862644196
-0.0813888534903526,0.0961279273033142,0.0309816226363182
-0.0793717131018639,0.0941241830587387,0.0350464433431625
-0.0793717131018639,0.0961279273033142,0.0330140292644501
-0.0753374397754669,0.0941241830587387,-0.0137314200401306
-0.0753374397754669,0.0961279273033142,-0.0116990059614182
-0.0773545801639557,0.0961279273033142,-0.00966659933328629
-0.0773545801639557,0.0961279273033142,0.0350464433431625
-0.0753374397754669,0.0941241830587387,0.0391112565994263
-0.0753374397754669,0.0961279273033142,0.0370788499712944
-0.0733202993869781,0.0961279273033142,-0.0137314200401306
-0.0713031589984894,0.0961279273033142,-0.0157638266682625
-0.0733202993869781,0.0961279273033142,0.0391112565994263
-0.0713031589984894,0.0961279273033142,0.0411436706781387
-0.0672688782215118,0.0961279273033142,-0.0157638266682625
-0.0672688782215118,0.0961279273033142,0.0411436706781387
-0.0632345974445343,0.0961279273033142,-0.0198286473751068
-0.0652517378330231,0.0961279273033142,-0.0177962407469749
-0.0652517378330231,0.0961279273033142,0.0431760847568512
-0.0632345974445343,0.0961279273033142,0.0452084988355637
-0.0592003203928471,0.0961279273033142,-0.0198286473751068
-0.0592003203928471,0.0961279273033142,0.0452084988355637
-0.0551660433411598,0.0941241830587387,-0.0218610614538193
-0.0551660433411598,0.0961279273033142,-0.0198286473751068
-0.0551660433411598,0.0961279273033142,0.0452084988355637
-0.0531489029526711,0.0961279273033142,-0.0218610614538193
-0.0511317625641823,0.0961279273033142,-0.0238934755325317
-0.0511317625641823,0.0941241830587387,-0.0218610614538193
-0.0511317625641823,0.0961279273033142,0.0452084988355637
-0.0470974892377853,0.0961279273033142,-0.0238934755325317
-0.0470974892377853,0.0941241830587387,-0.0218610614538193
-0.0470974892377853,0.0961279273033142,0.0452084988355637
-0.0430632084608078,0.0961279273033142,-0.0238934755325317
-0.0430632084608078,0.0961279273033142,0.0411436706781387
-0.0450803488492966,0.0961279273033142,0.0431760847568512
-0.0390289276838303,0.0961279273033142,-0.0238934755325317
-0.0390289276838303,0.0961279273033142,0.0411436706781387
-0.0349946543574333,0.0961279273033142,-0.0238934755325317
-0.0370117872953415,0.0961279273033142,0.0431760847568512
-0.0349946543574333,0.0961279273033142,0.0452084988355637
-0.0309603735804558,0.0961279273033142,-0.0238934755325317
-0.0309603735804558,0.0961279273033142,0.0452084988355637
-0.0269260928034782,0.0941241830587387,-0.0299907028675079
-0.0269260928034782,0.0941241830587387,-0.0259258821606636
-0.0269260928034782,0.0961279273033142,-0.0238934755325317
-0.0269260928034782,0.0961279273033142,0.0452084988355637
-0.0228918194770813,0.0941241830587387,-0.0340555272996426
-0.0228918194770813,0.0941241830587387,-0.0299907028675079
-0.0228918194770813,0.0941241830587387,-0.0259258821606636
-0.0228918194770813,0.0961279273033142,-0.0238934755325317
-0.0228918194770813,0.0941241830587387,0.0472409129142761
-0.0228918194770813,0.0961279273033142,0.0452084988355637
-0.0188575387001038,0.0941241830587387,-0.0340555272996426
-0.0188575387001038,0.0941241830587387,-0.0299907028675079
-0.0188575387001038,0.0961279273033142,-0.0279582925140858
-0.0208746790885925,0.0961279273033142,-0.0259258821606636
-0.0208746790885925,0.0961279273033142,0.0472409129142761
-0.0188575387001038,0.0941241830587387,0.0513057261705399
-0.0188575387001038,0.0961279273033142,0.0492733120918274
-0.0148232579231262,0.0941241830587387,-0.0340555272996426
-0.0148232579231262,0.0961279273033142,-0.0320231169462204
-0.016840398311615,0.0961279273033142,-0.0299907028675079
-0.016840398311615,0.0961279273033142,0.0513057261705399
-0.0148232579231262,0.0941241830587387,0.0553705543279648
-0.0148232579231262,0.0961279273033142,0.0533381402492523
-0.0107889771461487,0.0941241830587387,-0.0340555272996426
-0.0107889771461487,0.0961279273033142,-0.0320231169462204
-0.0107889771461487,0.0941241830587387,0.0553705543279648
-0.0107889771461487,0.0961279273033142,0.0533381402492523
-0.00675470381975174,0.0941241830587387,-0.0340555272996426
-0.00675470381975174,0.0961279273033142,-0.0320231169462204
-0.00675470381975174,0.0941241830587387,0.0553705543279648
-0.00675470381975174,0.0961279273033142,0.0533381402492523
-0.0027204230427742,0.0941241830587387,-0.0340555272996426
-0.0027204230427742,0.0961279273033142,-0.0320231169462204
-0.0027204230427742,0.0941241830587387,0.0553705543279648
-0.0027204230427742,0.0961279273033142,0.0533381402492523
0.00131385773420334,0.0961279273033142,-0.0320231169462204
0.00131385773420334,0.0941241830587387,0.0553705543279648
0.00131385773420334,0.0961279273033142,0.0533381402492523
0.00333099067211151,0.0961279273033142,-0.0299907028675079
0.00534813106060028,0.0941241830587387,-0.0299907028675079
0.00534813106060028,0.0961279273033142,-0.0279582925140858
0.00534813106060028,0.0961279273033142,0.0533381402492523
0.00938241183757782,0.0941241830587387,-0.0299907028675079
0.00938241183757782,0.0961279273033142,-0.0279582925140858
0.00938241183757782,0.0961279273033142,0.0492733120918274
0.00736527144908905,0.0961279273033142,0.0513057261705399
0.00938241183757782,0.0941241830587387,0.0513057261705399
0.0113995522260666,0.0961279273033142,-0.0259258821606636
0.0134166926145554,0.0941241830587387,-0.0259258821606636
0.0134166926145554,0.0961279273033142,-0.0238934755325317
0.0134166926145554,0.0941241830587387,0.0513057261705399
0.0134166926145554,0.0961279273033142,0.0492733120918274
0.0174509733915329,0.0961279273033142,-0.0238934755325317
0.0174509733915329,0.0961279273033142,0.0492733120918274
0.0214852541685104,0.0961279273033142,-0.0238934755325317
0.0214852541685104,0.0961279273033142,0.0452084988355637
0.0194681137800217,0.0961279273033142,0.0472409129142761
0.0214852541685104,0.0941241830587387,0.0472409129142761
0.023502379655838,0.0961279273033142,-0.0218610614538193
0.0255195200443268,0.0941241830587387,-0.0218610614538193
0.0255195200443268,0.0961279273033142,-0.0198286473751068
0.0255195200443268,0.0961279273033142,0.0452084988355637
0.0295538008213043,0.0961279273033142,-0.0198286473751068
0.0295538008213043,0.0961279273033142,0.0411436706781387
0.0275366604328156,0.0961279273033142,0.0431760847568512
0.0295538008213043,0.0941241830587387,0.0431760847568512
0.0315709412097931,0.0961279273033142,-0.0177962407469749
0.0335880815982819,0.0961279273033142,-0.0157638266682625
0.0335880815982819,0.0961279273033142,0.0370788499712944
0.0315709412097931,0.0961279273033142,0.0391112565994263
0.0335880815982819,0.0941241830587387,0.0391112565994263
0.0356052219867706,0.0961279273033142,-0.0137314200401306
0.0376223623752594,0.0961279273033142,-0.0116990059614182
0.0376223623752594,0.0961279273033142,0.0330140292644501
0.0356052219867706,0.0961279273033142,0.0350464433431625
0.0376223623752594,0.0941241830587387,0.0350464433431625
0.0396395027637482,0.0961279273033142,-0.00966659933328629
0.0396395027637482,0.0961279273033142,-0.00560177862644196
0.0416566431522369,0.0941241830587387,-0.00560177862644196
0.0416566431522369,0.0961279273033142,-0.00356936454772949
0.0416566431522369,0.0961279273033142,0.0248843878507614
0.0396395027637482,0.0961279273033142,0.0269168019294739
0.0416566431522369,0.0941241830587387,0.0269168019294739
0.0396395027637482,0.0961279273033142,0.0309816226363182
0.0436737835407257,0.0961279273033142,-0.00153695046901703
0.0436737835407257,0.0961279273033142,0.0025278702378273
0.0436737835407257,0.0961279273033142,0.00659269094467163
0.0436737835407257,0.0961279273033142,0.010657511651516
0.0436737835407257,0.0961279273033142,0.0147223323583603
0.0436737835407257,0.0961279273033142,0.0187871530652046
0.0436737835407257,0.0961279273033142,0.022851973772049
-0.0874402672052383,0.100135445594788,0.00456027686595917
-0.0894574075937271,0.100135445594788,0.00659269094467163
-0.0894574075937271,0.100135445594788,0.010657511651516
-0.0894574075937271,0.100135445594788,0.0147223323583603
-0.0894574075937271,0.100135445594788,0.0187871530652046
-0.0894574075937271,0.100135445594788,0.022851973772049
-0.0874402672052383,0.100135445594788,0.0248843878507614
-0.0834059938788414,0.100135445594788,-0.00356936454772949
-0.0854231268167496,0.100135445594788,-0.00153695046901703
-0.0854231268167496,0.100135445594788,0.0025278702378273
-0.0854231268167496,0.100135445594788,0.0269168019294739
-0.0834059938788414,0.100135445594788,0.0289492085576057
-0.0793717131018639,0.100135445594788,-0.00763418525457382
-0.0813888534903526,0.100135445594788,-0.00560177862644196
-0.0813888534903526,0.100135445594788,0.0309816226363182
-0.0793717131018639,0.100135445594788,0.0330140292644501
-0.0753374397754669,0.100135445594788,-0.0116990059614182
-0.0773545801639557,0.100135445594788,-0.00966659933328629
-0.0773545801639557,0.100135445594788,0.0350464433431625
-0.0753374397754669,0.100135445594788,0.0370788499712944
-0.0713031589984894,0.100135445594788,-0.0157638266682625
-0.0733202993869781,0.100135445594788,-0.0137314200401306
-0.0733202993869781,0.100135445594788,0.0391112565994263
-0.0713031589984894,0.100135445594788,0.0411436706781387
-0.0672688782215118,0.100135445594788,-0.0157638266682625
-0.0672688782215118,0.100135445594788,0.0411436706781387
-0.0632345974445343,0.100135445594788,-0.0198286473751068
-0.0652517378330231,0.100135445594788,-0.0177962407469749
-0.0632345974445343,0.0981316864490509,0.0431760847568512
-0.0632345974445343,0.100135445594788,0.0411436706781387
-0.0592003203928471,0.100135445594788,-0.0198286473751068
-0.0592003203928471,0.0981316864490509,0.0431760847568512
-0.0592003203928471,0.100135445594788,0.0411436706781387
-0.0551660433411598,0.100135445594788,-0.0198286473751068
-0.0551660433411598,0.0981316864490509,0.0431760847568512
-0.0551660433411598,0.100135445594788,0.0411436706781387
-0.0511317625641823,0.0981316864490509,-0.0218610614538193
-0.0511317625641823,0.100135445594788,-0.0198286473751068
-0.0511317625641823,0.0981316864490509,0.0431760847568512
-0.0511317625641823,0.100135445594788,0.0411436706781387
-0.0470974892377853,0.0981316864490509,-0.0218610614538193
-0.0470974892377853,0.100135445594788,-0.0198286473751068
-0.0470974892377853,0.0981316864490509,0.0431760847568512
-0.0470974892377853,0.100135445594788,0.0411436706781387
-0.0430632084608078,0.0981316864490509,-0.0218610614538193
-0.0430632084608078,0.100135445594788,-0.0198286473751068
-0.0430632084608078,0.100135445594788,0.0411436706781387
-0.0390289276838303,0.0981316864490509,-0.0218610614538193
-0.0390289276838303,0.100135445594788,-0.0198286473751068
-0.0390289276838303,0.100135445594788,0.0411436706781387
-0.0370117872953415,0.100135445594788,-0.0218610614538193
-0.0349946543574333,0.100135445594788,-0.0238934755325317
-0.0349946543574333,0.0981316864490509,0.0431760847568512
-0.0349946543574333,0.100135445594788,0.0411436706781387
-0.0309603735804558,0.100135445594788,-0.0238934755325317
-0.0329775139689445,0.100135445594788,0.0431760847568512
-0.0309603735804558,0.100135445594788,0.0452084988355637
-0.0269260928034782,0.100135445594788,-0.0238934755325317
-0.0269260928034782,0.100135445594788,0.0452084988355637
-0.0228918194770813,0.100135445594788,-0.0238934755325317
-0.0228918194770813,0.100135445594788,0.0452084988355637
-0.0188575387001038,0.0981316864490509,-0.0259258821606636
-0.0188575387001038,0.100135445594788,-0.0238934755325317
-0.0188575387001038,0.0981316864490509,0.0472409129142761
-0.0188575387001038,0.100135445594788,0.0452084988355637
-0.0148232579231262,0.0981316864490509,-0.0299907028675079
-0.0148232579231262,0.0981316864490509,-0.0259258821606636
-0.0148232579231262,0.100135445594788,-0.0238934755325317
-0.0148232579231262,0.0981316864490509,0.0472409129142761
-0.0148232579231262,0.100135445594788,0.0452084988355637
-0.0148232579231262,0.0981316864490509,0.0513057261705399
-0.0107889771461487,0.0981316864490509,-0.0299907028675079
-0.0107889771461487,0.0981316864490509,-0.0259258821606636
-0.0107889771461487,0.100135445594788,-0.0238934755325317
-0.0107889771461487,0.0981316864490509,0.0472409129142761
-0.0107889771461487,0.100135445594788,0.0452084988355637
-0.0107889771461487,0.0981316864490509,0.0513057261705399
-0.00675470381975174,0.0981316864490509,-0.0299907028675079
-0.00675470381975174,0.0981316864490509,-0.0259258821606636
-0.00675470381975174,0.100135445594788,-0.0238934755325317
-0.00877184420824051,0.100135445594788,0.0472409129142761
-0.00675470381975174,0.0981316864490509,0.0513057261705399
-0.00675470381975174,0.100135445594788,0.0492733120918274
-0.0027204230427742,0.0981316864490509,-0.0299907028675079
-0.0027204230427742,0.0981316864490509,-0.0259258821606636
-0.0027204230427742,0.100135445594788,-0.0238934755325317
-0.0027204230427742,0.0981316864490509,0.0513057261705399
-0.0027204230427742,0.100135445594788,0.0492733120918274
0.00131385773420334,0.0981316864490509,-0.0299907028675079
0.00131385773420334,0.0981316864490509,-0.0259258821606636
0.00131385773420334,0.100135445594788,-0.0238934755325317
0.00131385773420334,0.0981316864490509,0.0513057261705399
0.00131385773420334,0.100135445594788,0.0492733120918274
0.00534813106060028,0.0981316864490509,-0.0259258821606636
0.00534813106060028,0.100135445594788,-0.0238934755325317
0.00534813106060028,0.100135445594788,0.0452084988355637
0.00333099067211151,0.100135445594788,0.0472409129142761
0.00534813106060028,0.0981316864490509,0.0472409129142761
0.00534813106060028,0.0981316864490509,0.0513057261705399
0.00938241183757782,0.0981316864490509,-0.0259258821606636
0.00938241183757782,0.100135445594788,-0.0238934755325317
0.00736527144908905,0.100135445594788,0.0472409129142761
0.00938241183757782,0.100135445594788,0.0492733120918274
0.0134166926145554,0.100135445594788,-0.0238934755325317
0.0134166926145554,0.100135445594788,0.0492733120918274
0.0174509733915329,0.100135445594788,-0.0238934755325317
0.0174509733915329,0.100135445594788,0.0452084988355637
0.0154338330030441,0.100135445594788,0.0472409129142761
0.0174509733915329,0.0981316864490509,0.0472409129142761
0.0194681137800217,0.100135445594788,-0.0218610614538193
0.0214852541685104,0.0981316864490509,-0.0218610614538193
0.0214852541685104,0.100135445594788,-0.0198286473751068
0.0214852541685104,0.100135445594788,0.0452084988355637
0.0255195200443268,0.100135445594788,-0.0198286473751068
0.0255195200443268,0.100135445594788,0.0411436706781387
0.023502379655838,0.100135445594788,0.0431760847568512
0.0255195200443268,0.0981316864490509,0.0431760847568512
0.0275366604328156,0.100135445594788,-0.0177962407469749
0.0295538008213043,0.0981316864490509,-0.0177962407469749
0.0295538008213043,0.100135445594788,-0.0157638266682625
0.0295538008213043,0.100135445594788,0.0411436706781387
0.0315709412097931,0.100135445594788,-0.0137314200401306
0.0335880815982819,0.0981316864490509,-0.0137314200401306
0.0335880815982819,0.100135445594788,-0.0116990059614182
0.0335880815982819,0.100135445594788,0.0370788499712944
0.0315709412097931,0.100135445594788,0.0391112565994263
0.0356052219867706,0.100135445594788,-0.00966659933328629
0.0376223623752594,0.0981316864490509,-0.00966659933328629
0.0376223623752594,0.100135445594788,-0.00763418525457382
0.0376223623752594,0.100135445594788,0.0330140292644501
0.0356052219867706,0.100135445594788,0.0350464433431625
0.0396395027637482,0.100135445594788,-0.00560177862644196
0.0396395027637482,0.100135445594788,-0.00153695046901703
0.0416566431522369,0.0981316864490509,-0.00153695046901703
0.0416566431522369,0.100135445594788,0.000495456159114838
0.0416566431522369,0.100135445594788,0.0208195671439171
0.0396395027637482,0.100135445594788,0.022851973772049
0.0416566431522369,0.0981316864490509,0.022851973772049
0.0396395027637482,0.100135445594788,0.0269168019294739
0.0396395027637482,0.100135445594788,0.0309816226363182
0.0436737835407257,0.100135445594788,0.0025278702378273
0.0436737835407257,0.100135445594788,0.00659269094467163
0.0436737835407257,0.100135445594788,0.010657511651516
0.0436737835407257,0.100135445594788,0.0147223323583603
0.0436737835407257,0.100135445594788,0.0187871530652046
-0.0874402672052383,0.102139189839363,0.00659269094467163
-0.0874402672052383,0.1041429489851,0.0086250975728035
-0.0894574075937271,0.1041429489851,0.010657511651516
-0.0894574075937271,0.1041429489851,0.0147223323583603
-0.0894574075937271,0.1041429489851,0.0187871530652046
-0.0874402672052383,0.102139189839363,0.022851973772049
-0.0874402672052383,0.1041429489851,0.0208195671439171
-0.0834059938788414,0.1041429489851,-0.00356936454772949
-0.0854231268167496,0.1041429489851,-0.00153695046901703
-0.0854231268167496,0.1041429489851,0.0025278702378273
-0.0854231268167496,0.1041429489851,0.00659269094467163
-0.0854231268167496,0.1041429489851,0.022851973772049
-0.0854231268167496,0.1041429489851,0.0269168019294739
-0.0834059938788414,0.1041429489851,0.0289492085576057
-0.0793717131018639,0.1041429489851,-0.00763418525457382
-0.0813888534903526,0.1041429489851,-0.00560177862644196
-0.0813888534903526,0.1041429489851,0.0309816226363182
-0.0793717131018639,0.1041429489851,0.0330140292644501
-0.0753374397754669,0.1041429489851,-0.0116990059614182
-0.0773545801639557,0.1041429489851,-0.00966659933328629
-0.0773545801639557,0.1041429489851,0.0350464433431625
-0.0753374397754669,0.1041429489851,0.0370788499712944
-0.0713031589984894,0.102139189839363,-0.0137314200401306
-0.0713031589984894,0.1041429489851,-0.0116990059614182
-0.0713031589984894,0.102139189839363,0.0391112565994263
-0.0713031589984894,0.1041429489851,0.0370788499712944
-0.0692860186100006,0.1041429489851,-0.0137314200401306
-0.0672688782215118,0.1041429489851,-0.0157638266682625
-0.0692860186100006,0.1041429489851,0.0391112565994263
-0.0672688782215118,0.1041429489851,0.0411436706781387
-0.0632345974445343,0.102139189839363,-0.0177962407469749
-0.0632345974445343,0.1041429489851,-0.0157638266682625
-0.0632345974445343,0.1041429489851,0.0411436706781387
-0.0612174607813358,0.1041429489851,-0.0177962407469749
-0.0592003203928471,0.1041429489851,-0.0198286473751068
-0.0592003203928471,0.1041429489851,0.0411436706781387
-0.0551660433411598,0.1041429489851,-0.0198286473751068
-0.0551660433411598,0.1041429489851,0.0411436706781387
-0.0511317625641823,0.1041429489851,-0.0198286473751068
-0.0511317625641823,0.1041429489851,0.0411436706781387
-0.0470974892377853,0.1041429489851,-0.0198286473751068
-0.0470974892377853,0.1041429489851,0.0411436706781387
-0.0430632084608078,0.1041429489851,-0.0198286473751068
-0.0430632084608078,0.1041429489851,0.0411436706781387
-0.0390289276838303,0.1041429489851,-0.0198286473751068
-0.0390289276838303,0.1041429489851,0.0411436706781387
-0.0349946543574333,0.102139189839363,-0.0218610614538193
-0.0349946543574333,0.1041429489851,-0.0198286473751068
-0.0349946543574333,0.1041429489851,0.0411436706781387
-0.0329775139689445,0.1041429489851,-0.0218610614538193
-0.0309603735804558,0.1041429489851,-0.0238934755325317
-0.0309603735804558,0.102139189839363,0.0431760847568512
-0.0309603735804558,0.1041429489851,0.0411436706781387
-0.0269260928034782,0.1041429489851,-0.0238934755325317
-0.0269260928034782,0.102139189839363,0.0431760847568512
-0.0269260928034782,0.1041429489851,0.0411436706781387
-0.0228918194770813,0.1041429489851,-0.0238934755325317
-0.0228918194770813,0.102139189839363,0.0431760847568512
-0.0228918194770813,0.1041429489851,0.0411436706781387
-0.0188575387001038,0.1041429489851,-0.0238934755325317
-0.0188575387001038,0.102139189839363,0.0431760847568512
-0.0188575387001038,0.1041429489851,0.0411436706781387
-0.0148232579231262,0.1041429489851,-0.0238934755325317
-0.016840398311615,0.1041429489851,0.0431760847568512
-0.0148232579231262,0.1041429489851,0.0452084988355637
-0.0107889771461487,0.1041429489851,-0.0238934755325317
-0.0107889771461487,0.1041429489851,0.0452084988355637
-0.00675470381975174,0.1041429489851,-0.0238934755325317
-0.00675470381975174,0.102139189839363,0.0472409129142761
-0.00675470381975174,0.1041429489851,0.0452084988355637
-0.0027204230427742,0.1041429489851,-0.0238934755325317
-0.0027204230427742,0.102139189839363,0.0472409129142761
-0.0027204230427742,0.1041429489851,0.0452084988355637
0.00131385773420334,0.1041429489851,-0.0238934755325317
0.00131385773420334,0.102139189839363,0.0472409129142761
0.00131385773420334,0.1041429489851,0.0452084988355637
0.00333099067211151,0.1041429489851,-0.0218610614538193
0.00534813106060028,0.102139189839363,-0.0218610614538193
0.00534813106060028,0.1041429489851,-0.0198286473751068
0.00534813106060028,0.1041429489851,0.0411436706781387
0.00333099067211151,0.1041429489851,0.0431760847568512
0.00534813106060028,0.102139189839363,0.0431760847568512
0.00938241183757782,0.102139189839363,-0.0218610614538193
0.00938241183757782,0.1041429489851,-0.0198286473751068
0.00736527144908905,0.1041429489851,0.0431760847568512
0.00938241183757782,0.102139189839363,0.0472409129142761
0.00938241183757782,0.1041429489851,0.0452084988355637
0.0134166926145554,0.102139189839363,-0.0218610614538193
0.0134166926145554,0.1041429489851,-0.0198286473751068
0.0134166926145554,0.102139189839363,0.0472409129142761
0.0134166926145554,0.1041429489851,0.0452084988355637
0.0174509733915329,0.102139189839363,-0.0218610614538193
0.0174509733915329,0.1041429489851,-0.0198286473751068
0.0174509733915329,0.1041429489851,0.0452084988355637
0.0214852541685104,0.1041429489851,-0.0198286473751068
0.0214852541685104,0.1041429489851,0.0411436706781387
0.0194681137800217,0.1041429489851,0.0431760847568512
0.0214852541685104,0.102139189839363,0.0431760847568512
0.023502379655838,0.1041429489851,-0.0177962407469749
0.0255195200443268,0.102139189839363,-0.0177962407469749
0.0255195200443268,0.1041429489851,-0.0157638266682625
0.0255195200443268,0.1041429489851,0.0411436706781387
0.0295538008213043,0.1041429489851,-0.0157638266682625
0.0295538008213043,0.1041429489851,0.0370788499712944
0.0275366604328156,0.1041429489851,0.0391112565994263
0.0295538008213043,0.102139189839363,0.0391112565994263
0.0315709412097931,0.1041429489851,-0.0137314200401306
0.0335880815982819,0.1041429489851,-0.0116990059614182
0.0335880815982819,0.1041429489851,0.0330140292644501
0.0315709412097931,0.1041429489851,0.0350464433431625
0.0335880815982819,0.102139189839363,0.0350464433431625
0.0356052219867706,0.1041429489851,-0.00966659933328629
0.0356052219867706,0.1041429489851,-0.00560177862644196
0.0376223623752594,0.102139189839363,-0.00560177862644196
0.0376223623752594,0.1041429489851,-0.00356936454772949
0.0376223623752594,0.1041429489851,0.0289492085576057
0.0356052219867706,0.1041429489851,0.0309816226363182
0.0376223623752594,0.102139189839363,0.0309816226363182
0.0396395027637482,0.1041429489851,-0.00153695046901703
0.0396395027637482,0.1041429489851,0.0025278702378273
0.0416566431522369,0.102139189839363,0.0025278702378273
0.0396395027637482,0.1041429489851,0.00659269094467163
0.0416566431522369,0.102139189839363,0.00659269094467163
0.0396395027637482,0.1041429489851,0.010657511651516
0.0416566431522369,0.102139189839363,0.010657511651516
0.0396395027637482,0.1041429489851,0.0147223323583603
0.0416566431522369,0.102139189839363,0.0147223323583603
0.0396395027637482,0.1041429489851,0.0187871530652046
0.0416566431522369,0.102139189839363,0.0187871530652046
0.0396395027637482,0.1041429489851,0.022851973772049
0.0396395027637482,0.1041429489851,0.0269168019294739
-0.0874402672052383,0.106146693229675,0.010657511651516
-0.0874402672052383,0.106146693229675,0.0147223323583603
-0.0874402672052383,0.106146693229675,0.0187871530652046
-0.0834059938788414,0.106146693229675,-0.00153695046901703
-0.0834059938788414,0.108150452375412,0.000495456159114838
-0.0854231268167496,0.108150452375412,0.0025278702378273
-0.0854231268167496,0.108150452375412,0.00659269094467163
-0.0854231268167496,0.108150452375412,0.010657511651516
-0.0854231268167496,0.108150452375412,0.0147223323583603
-0.0854231268167496,0.108150452375412,0.0187871530652046
-0.0854231268167496,0.108150452375412,0.022851973772049
-0.0834059938788414,0.106146693229675,0.0269168019294739
-0.0834059938788414,0.108150452375412,0.0248843878507614
-0.0793717131018639,0.106146693229675,-0.00560177862644196
-0.0793717131018639,0.108150452375412,-0.00356936454772949
-0.0813888534903526,0.108150452375412,-0.00153695046901703
-0.0813888534903526,0.108150452375412,0.0269168019294739
-0.0813888534903526,0.108150452375412,0.0309816226363182
-0.0793717131018639,0.108150452375412,0.0330140292644501
-0.0753374397754669,0.106146693229675,-0.00966659933328629
-0.0753374397754669,0.108150452375412,-0.00763418525457382
-0.0773545801639557,0.108150452375412,-0.00560177862644196
-0.0773545801639557,0.108150452375412,0.0350464433431625
-0.0753374397754669,0.108150452375412,0.0370788499712944
-0.0733202993869781,0.108150452375412,-0.00966659933328629
-0.0713031589984894,0.108150452375412,-0.0116990059614182
-0.0713031589984894,0.108150452375412,0.0370788499712944
-0.0672688782215118,0.106146693229675,-0.0137314200401306
-0.0672688782215118,0.108150452375412,-0.0116990059614182
-0.0672688782215118,0.106146693229675,0.0391112565994263
-0.0672688782215118,0.108150452375412,0.0370788499712944
-0.0652517378330231,0.108150452375412,-0.0137314200401306
-0.0632345974445343,0.108150452375412,-0.0157638266682625
-0.0632345974445343,0.106146693229675,0.0391112565994263
-0.0632345974445343,0.108150452375412,0.0370788499712944
-0.0592003203928471,0.106146693229675,-0.0177962407469749
-0.0592003203928471,0.108150452375412,-0.0157638266682625
-0.0592003203928471,0.106146693229675,0.0391112565994263
-0.0592003203928471,0.108150452375412,0.0370788499712944
-0.0571831837296486,0.108150452375412,-0.0177962407469749
-0.0551660433411598,0.108150452375412,-0.0198286473751068
-0.0571831837296486,0.108150452375412,0.0391112565994263
-0.0551660433411598,0.108150452375412,0.0411436706781387
-0.0511317625641823,0.108150452375412,-0.0198286473751068
-0.0511317625641823,0.108150452375412,0.0370788499712944
-0.0531489029526711,0.108150452375412,0.0391112565994263
-0.0511317625641823,0.106146693229675,0.0391112565994263
-0.0470974892377853,0.108150452375412,-0.0198286473751068
-0.0491146221756935,0.108150452375412,0.0391112565994263
-0.0470974892377853,0.108150452375412,0.0411436706781387
-0.0430632084608078,0.108150452375412,-0.0198286473751068
-0.0430632084608078,0.108150452375412,0.0411436706781387
-0.0390289276838303,0.108150452375412,-0.0198286473751068
-0.0390289276838303,0.108150452375412,0.0370788499712944
-0.041046068072319,0.108150452375412,0.0391112565994263
-0.0390289276838303,0.106146693229675,0.0391112565994263
-0.0349946543574333,0.108150452375412,-0.0198286473751068
-0.0349946543574333,0.106146693229675,0.0391112565994263
-0.0349946543574333,0.108150452375412,0.0370788499712944
-0.0309603735804558,0.106146693229675,-0.0218610614538193
-0.0309603735804558,0.108150452375412,-0.0198286473751068
-0.0309603735804558,0.106146693229675,0.0391112565994263
-0.0309603735804558,0.108150452375412,0.0370788499712944
-0.0269260928034782,0.106146693229675,-0.0218610614538193
-0.0269260928034782,0.108150452375412,-0.0198286473751068
-0.028943233191967,0.108150452375412,0.0391112565994263
-0.0269260928034782,0.108150452375412,0.0411436706781387
-0.0228918194770813,0.106146693229675,-0.0218610614538193
-0.0228918194770813,0.108150452375412,-0.0198286473751068
-0.0228918194770813,0.108150452375412,0.0411436706781387
-0.0188575387001038,0.106146693229675,-0.0218610614538193
-0.0188575387001038,0.108150452375412,-0.0198286473751068
-0.0188575387001038,0.108150452375412,0.0411436706781387
-0.0148232579231262,0.106146693229675,-0.0218610614538193
-0.0148232579231262,0.108150452375412,-0.0198286473751068
-0.0148232579231262,0.106146693229675,0.0431760847568512
-0.0148232579231262,0.108150452375412,0.0411436706781387
-0.0128061175346375,0.108150452375412,-0.0218610614538193
-0.0107889771461487,0.108150452375412,-0.0238934755325317
-0.0107889771461487,0.106146693229675,0.0431760847568512
-0.0107889771461487,0.108150452375412,0.0411436706781387
-0.00675470381975174,0.108150452375412,-0.0238934755325317
-0.00877184420824051,0.108150452375412,0.0431760847568512
-0.00675470381975174,0.108150452375412,0.0452084988355637
-0.0027204230427742,0.108150452375412,-0.0238934755325317
-0.0027204230427742,0.108150452375412,0.0452084988355637
-0.000703282654285431,0.108150452375412,-0.0218610614538193
0.00131385773420334,0.106146693229675,-0.0218610614538193
0.00131385773420334,0.108150452375412,-0.0198286473751068
0.00131385773420334,0.108150452375412,0.0411436706781387
-0.000703282654285431,0.108150452375412,0.0431760847568512
0.00131385773420334,0.106146693229675,0.0431760847568512
0.00534813106060028,0.108150452375412,-0.0198286473751068
0.00534813106060028,0.108150452375412,0.0411436706781387
0.00938241183757782,0.108150452375412,-0.0198286473751068
0.00938241183757782,0.106146693229675,0.0431760847568512
0.00938241183757782,0.108150452375412,0.0411436706781387
0.0134166926145554,0.108150452375412,-0.0198286473751068
0.0134166926145554,0.106146693229675,0.0431760847568512
0.0134166926145554,0.108150452375412,0.0411436706781387
0.0154338330030441,0.108150452375412,-0.0177962407469749
0.0174509733915329,0.106146693229675,-0.0177962407469749
0.0174509733915329,0.108150452375412,-0.0157638266682625
0.0174509733915329,0.106146693229675,0.0431760847568512
0.0174509733915329,0.108150452375412,0.0411436706781387
0.0214852541685104,0.106146693229675,-0.0177962407469749
0.0214852541685104,0.108150452375412,-0.0157638266682625
0.0214852541685104,0.108150452375412,0.0411436706781387
0.0255195200443268,0.108150452375412,-0.0157638266682625
0.0255195200443268,0.108150452375412,0.0370788499712944
0.023502379655838,0.108150452375412,0.0391112565994263
0.0255195200443268,0.106146693229675,0.0391112565994263
0.0275366604328156,0.108150452375412,-0.0137314200401306
0.0295538008213043,0.106146693229675,-0.0137314200401306
0.0295538008213043,0.108150452375412,-0.0116990059614182
0.0295538008213043,0.108150452375412,0.0370788499712944
0.0315709412097931,0.108150452375412,-0.00966659933328629
0.0335880815982819,0.106146693229675,-0.00966659933328629
0.0335880815982819,0.108150452375412,-0.00763418525457382
0.0335880815982819,0.108150452375412,0.0289492085576057
0.0315709412097931,0.108150452375412,0.0309816226363182
0.0335880815982819,0.106146693229675,0.0309816226363182
0.0315709412097931,0.108150452375412,0.0350464433431625
0.0356052219867706,0.108150452375412,-0.00560177862644196
0.0356052219867706,0.108150452375412,-0.00153695046901703
0.0376223623752594,0.106146693229675,-0.00153695046901703
0.0376223623752594,0.108150452375412,0.000495456159114838
0.0376223623752594,0.108150452375412,0.0248843878507614
0.0356052219867706,0.108150452375412,0.0269168019294739
0.0376223623752594,0.106146693229675,0.0269168019294739
0.0396395027637482,0.108150452375412,0.0025278702378273
0.0396395027637482,0.108150452375412,0.00659269094467163
0.0396395027637482,0.108150452375412,0.010657511651516
0.0396395027637482,0.108150452375412,0.0147223323583603
0.0396395027637482,0.108150452375412,0.0187871530652046
0.0396395027637482,0.108150452375412,0.022851973772049
-0.0874402672052383,0.112157955765724,0.0086250975728035
-0.0874402672052383,0.110154211521149,0.010657511651516
-0.0894574075937271,0.112157955765724,0.010657511651516
-0.0874402672052383,0.110154211521149,0.0147223323583603
-0.0894574075937271,0.112157955765724,0.0147223323583603
-0.0874402672052383,0.110154211521149,0.0187871530652046
-0.0894574075937271,0.112157955765724,0.0187871530652046
-0.0874402672052383,0.112157955765724,0.0208195671439171
-0.0874402672052383,0.112157955765724,0.0330140292644501
-0.0874402672052383,0.110154211521149,0.0350464433431625
-0.0894574075937271,0.112157955765724,0.0350464433431625
-0.0874402672052383,0.110154211521149,0.0391112565994263
-0.0894574075937271,0.112157955765724,0.0391112565994263
-0.0874402672052383,0.112157955765724,0.0411436706781387
-0.0834059938788414,0.112157955765724,0.000495456159114838
-0.0854231268167496,0.112157955765724,0.0025278702378273
-0.0854231268167496,0.112157955765724,0.00659269094467163
-0.0854231268167496,0.112157955765724,0.022851973772049
-0.0834059938788414,0.110154211521149,0.0269168019294739
-0.0854231268167496,0.112157955765724,0.0269168019294739
-0.0834059938788414,0.110154211521149,0.0309816226363182
-0.0854231268167496,0.112157955765724,0.0309816226363182
-0.0834059938788414,0.110154211521149,0.0350464433431625
-0.0834059938788414,0.110154211521149,0.0391112565994263
-0.0854231268167496,0.112157955765724,0.0431760847568512
-0.0834059938788414,0.110154211521149,0.0431760847568512
-0.0834059938788414,0.112157955765724,0.0452084988355637
-0.0793717131018639,0.112157955765724,-0.00356936454772949
-0.0813888534903526,0.112157955765724,-0.00153695046901703
-0.0793717131018639,0.110154211521149,0.0350464433431625
-0.0793717131018639,0.110154211521149,0.0391112565994263
-0.0793717131018639,0.110154211521149,0.0431760847568512
-0.0793717131018639,0.112157955765724,0.0452084988355637
-0.0753374397754669,0.112157955765724,-0.00763418525457382
-0.0773545801639557,0.112157955765724,-0.00560177862644196
-0.0753374397754669,0.110154211521149,0.0391112565994263
-0.0753374397754669,0.110154211521149,0.0431760847568512
-0.0773545801639557,0.112157955765724,0.0472409129142761
-0.0753374397754669,0.110154211521149,0.0472409129142761
-0.0753374397754669,0.112157955765724,0.0492733120918274
-0.0713031589984894,0.110154211521149,-0.00966659933328629
-0.0713031589984894,0.112157955765724,-0.00763418525457382
-0.0713031589984894,0.110154211521149,0.0391112565994263
-0.0713031589984894,0.110154211521149,0.0431760847568512
-0.0713031589984894,0.110154211521149,0.0472409129142761
-0.0713031589984894,0.112157955765724,0.0492733120918274
-0.0692860186100006,0.112157955765724,-0.00966659933328629
-0.0672688782215118,0.112157955765724,-0.0116990059614182
-0.0672688782215118,0.110154211521149,0.0391112565994263
-0.0672688782215118,0.112157955765724,0.0411436706781387
-0.0692860186100006,0.112157955765724,0.0431760847568512
-0.0692860186100006,0.112157955765724,0.0472409129142761
-0.0632345974445343,0.112157955765724,-0.0157638266682625
-0.0652517378330231,0.112157955765724,-0.0137314200401306
-0.0632345974445343,0.112157955765724,0.0370788499712944
-0.0652517378330231,0.112157955765724,0.0391112565994263
-0.0592003203928471,0.112157955765724,-0.0157638266682625
-0.0592003203928471,0.112157955765724,0.0370788499712944
-0.0551660433411598,0.110154211521149,-0.0177962407469749
-0.0551660433411598,0.112157955765724,-0.0157638266682625
-0.0551660433411598,0.110154211521149,0.0391112565994263
-0.0551660433411598,0.112157955765724,0.0370788499712944
-0.0511317625641823,0.110154211521149,-0.0177962407469749
-0.0511317625641823,0.112157955765724,-0.0157638266682625
-0.0511317625641823,0.112157955765724,0.0370788499712944
-0.0470974892377853,0.110154211521149,-0.0177962407469749
-0.0470974892377853,0.112157955765724,-0.0157638266682625
-0.0470974892377853,0.110154211521149,0.0391112565994263
-0.0470974892377853,0.112157955765724,0.0370788499712944
-0.0430632084608078,0.110154211521149,-0.0177962407469749
-0.0430632084608078,0.112157955765724,-0.0157638266682625
-0.0430632084608078,0.110154211521149,0.0391112565994263
-0.0430632084608078,0.112157955765724,0.0370788499712944
-0.041046068072319,0.112157955765724,-0.0177962407469749
-0.0390289276838303,0.112157955765724,-0.0198286473751068
-0.0390289276838303,0.112157955765724,0.0370788499712944
-0.0370117872953415,0.112157955765724,-0.0177962407469749
-0.0349946543574333,0.110154211521149,-0.0177962407469749
-0.0349946543574333,0.112157955765724,-0.0157638266682625
-0.0349946543574333,0.112157955765724,0.0370788499712944
-0.0309603735804558,0.110154211521149,-0.0177962407469749
-0.0309603735804558,0.112157955765724,-0.0157638266682625
-0.0309603735804558,0.112157955765724,0.0370788499712944
-0.0269260928034782,0.110154211521149,-0.0177962407469749
-0.0269260928034782,0.112157955765724,-0.0157638266682625
-0.0269260928034782,0.110154211521149,0.0391112565994263
-0.0269260928034782,0.112157955765724,0.0370788499712944
-0.0249089524149895,0.112157955765724,-0.0177962407469749
-0.0228918194770813,0.112157955765724,-0.0198286473751068
-0.0228918194770813,0.110154211521149,0.0391112565994263
-0.0228918194770813,0.112157955765724,0.0370788499712944
-0.0188575387001038,0.112157955765724,-0.0198286473751068
-0.0208746790885925,0.112157955765724,0.0391112565994263
-0.0188575387001038,0.112157955765724,0.0411436706781387
-0.0148232579231262,0.112157955765724,-0.0198286473751068
-0.0148232579231262,0.112157955765724,0.0411436706781387
-0.0107889771461487,0.110154211521149,-0.0218610614538193
-0.0107889771461487,0.112157955765724,-0.0198286473751068
-0.0107889771461487,0.112157955765724,0.0411436706781387
-0.00675470381975174,0.110154211521149,-0.0218610614538193
-0.00675470381975174,0.112157955765724,-0.0198286473751068
-0.00675470381975174,0.110154211521149,0.0431760847568512
-0.00675470381975174,0.112157955765724,0.0411436706781387
-0.0027204230427742,0.110154211521149,-0.0218610614538193
-0.0027204230427742,0.112157955765724,-0.0198286473751068
-0.0027204230427742,0.110154211521149,0.0431760847568512
-0.0027204230427742,0.112157955765724,0.0411436706781387
0.00131385773420334,0.112157955765724,-0.0198286473751068
0.00131385773420334,0.112157955765724,0.0411436706781387
0.00534813106060028,0.112157955765724,-0.0198286473751068
0.00534813106060028,0.112157955765724,0.0411436706781387
0.00938241183757782,0.112157955765724,-0.0198286473751068
0.00938241183757782,0.112157955765724,0.0411436706781387
0.0134166926145554,0.112157955765724,-0.0198286473751068
0.0134166926145554,0.112157955765724,0.0370788499712944
0.0113995522260666,0.112157955765724,0.0391112565994263
0.0134166926145554,0.110154211521149,0.0391112565994263
0.0154338330030441,0.112157955765724,-0.0177962407469749
0.0174509733915329,0.112157955765724,-0.0157638266682625
0.0174509733915329,0.110154211521149,0.0391112565994263
0.0174509733915329,0.112157955765724,0.0370788499712944
0.0214852541685104,0.112157955765724,-0.0157638266682625
0.0214852541685104,0.110154211521149,0.0391112565994263
0.0214852541685104,0.112157955765724,0.0370788499712944
0.023502379655838,0.112157955765724,-0.0137314200401306
0.0255195200443268,0.110154211521149,-0.0137314200401306
0.0255195200443268,0.112157955765724,-0.0116990059614182
0.0255195200443268,0.112157955765724,0.0370788499712944
0.0275366604328156,0.112157955765724,-0.00966659933328629
0.0295538008213043,0.110154211521149,-0.00966659933328629
0.0295538008213043,0.112157955765724,-0.00763418525457382
0.0295538008213043,0.112157955765724,0.0330140292644501
0.0275366604328156,0.112157955765724,0.0350464433431625
0.0295538008213043,0.110154211521149,0.0350464433431625
0.0315709412097931,0.112157955765724,-0.00560177862644196
0.0335880815982819,0.110154211521149,-0.00560177862644196
0.0335880815982819,0.112157955765724,-0.00356936454772949
0.0335880815982819,0.112157955765724,0.0289492085576057
0.0315709412097931,0.112157955765724,0.0309816226363182
0.0356052219867706,0.112157955765724,-0.00153695046901703
0.0356052219867706,0.112157955765724,0.0025278702378273
0.0376223623752594,0.110154211521149,0.0025278702378273
0.0356052219867706,0.112157955765724,0.00659269094467163
0.0376223623752594,0.110154211521149,0.00659269094467163
0.0356052219867706,0.112157955765724,0.010657511651516
0.0376223623752594,0.110154211521149,0.010657511651516
0.0356052219867706,0.112157955765724,0.0147223323583603
0.0376223623752594,0.110154211521149,0.0147223323583603
0.0356052219867706,0.112157955765724,0.0187871530652046
0.0376223623752594,0.110154211521149,0.0187871530652046
0.0356052219867706,0.112157955765724,0.022851973772049
0.0376223623752594,0.110154211521149,0.022851973772049
0.0356052219867706,0.112157955765724,0.0269168019294739
-0.0914745479822159,0.116165459156036,0.0086250975728035
-0.0914745479822159,0.114161714911461,0.010657511651516
-0.0934916883707047,0.116165459156036,0.010657511651516
-0.0914745479822159,0.114161714911461,0.0147223323583603
-0.0934916883707047,0.116165459156036,0.0147223323583603
-0.0914745479822159,0.114161714911461,0.0187871530652046
-0.0934916883707047,0.116165459156036,0.0187871530652046
-0.0914745479822159,0.114161714911461,0.022851973772049
-0.0934916883707047,0.116165459156036,0.022851973772049
-0.0914745479822159,0.116165459156036,0.0248843878507614
-0.0914745479822159,0.116165459156036,0.0330140292644501
-0.0914745479822159,0.114161714911461,0.0350464433431625
-0.0934916883707047,0.116165459156036,0.0350464433431625
-0.0914745479822159,0.114161714911461,0.0391112565994263
-0.0934916883707047,0.116165459156036,0.0391112565994263
-0.0914745479822159,0.116165459156036,0.0411436706781387
-0.0874402672052383,0.116165459156036,0.000495456159114838
-0.0874402672052383,0.114161714911461,0.0025278702378273
-0.0894574075937271,0.116165459156036,0.0025278702378273
-0.0874402672052383,0.114161714911461,0.00659269094467163
-0.0894574075937271,0.116165459156036,0.00659269094467163
-0.0874402672052383,0.114161714911461,0.022851973772049
-0.0894574075937271,0.116165459156036,0.0269168019294739
-0.0874402672052383,0.114161714911461,0.0269168019294739
-0.0874402672052383,0.114161714911461,0.0309816226363182
-0.0894574075937271,0.116165459156036,0.0309816226363182
-0.0894574075937271,0.116165459156036,0.0431760847568512
-0.0874402672052383,0.114161714911461,0.0431760847568512
-0.0874402672052383,0.116165459156036,0.0452084988355637
-0.0834059938788414,0.116165459156036,-0.00356936454772949
-0.0834059938788414,0.114161714911461,-0.00153695046901703
-0.0854231268167496,0.116165459156036,-0.00153695046901703
-0.0854231268167496,0.116165459156036,0.0472409129142761
-0.0834059938788414,0.114161714911461,0.0472409129142761
-0.0834059938788414,0.116165459156036,0.0492733120918274
-0.0793717131018639,0.116165459156036,-0.00356936454772949
-0.0793717131018639,0.114161714911461,0.0472409129142761
-0.0793717131018639,0.116165459156036,0.0492733120918274
-0.0753374397754669,0.116165459156036,-0.00763418525457382
-0.0773545801639557,0.116165459156036,-0.00560177862644196
-0.0773545801639557,0.116165459156036,0.0513057261705399
-0.0753374397754669,0.114161714911461,0.0513057261705399
-0.0753374397754669,0.116165459156036,0.0533381402492523
-0.0713031589984894,0.116165459156036,-0.00763418525457382
-0.0713031589984894,0.114161714911461,0.0513057261705399
-0.0713031589984894,0.116165459156036,0.0533381402492523
-0.0672688782215118,0.114161714911461,-0.00966659933328629
-0.0672688782215118,0.116165459156036,-0.00763418525457382
-0.0672688782215118,0.114161714911461,0.0431760847568512
-0.0672688782215118,0.114161714911461,0.0472409129142761
-0.0672688782215118,0.116165459156036,0.0492733120918274
-0.0692860186100006,0.116165459156036,0.0513057261705399
-0.0632345974445343,0.114161714911461,-0.0137314200401306
-0.0632345974445343,0.116165459156036,-0.0116990059614182
-0.0652517378330231,0.116165459156036,-0.00966659933328629
-0.0632345974445343,0.114161714911461,0.0391112565994263
-0.0632345974445343,0.116165459156036,0.0411436706781387
-0.0652517378330231,0.116165459156036,0.0431760847568512
-0.0652517378330231,0.116165459156036,0.0472409129142761
-0.0592003203928471,0.114161714911461,-0.0137314200401306
-0.0592003203928471,0.116165459156036,-0.0116990059614182
-0.0592003203928471,0.116165459156036,0.0370788499712944
-0.0612174607813358,0.116165459156036,0.0391112565994263
-0.0571831837296486,0.116165459156036,-0.0137314200401306
-0.0551660433411598,0.116165459156036,-0.0157638266682625
-0.0551660433411598,0.116165459156036,0.0370788499712944
-0.0511317625641823,0.116165459156036,-0.0157638266682625
-0.0511317625641823,0.116165459156036,0.0330140292644501
-0.0531489029526711,0.116165459156036,0.0350464433431625
-0.0511317625641823,0.114161714911461,0.0350464433431625
-0.0470974892377853,0.116165459156036,-0.0157638266682625
-0.0470974892377853,0.114161714911461,0.0350464433431625
-0.0470974892377853,0.116165459156036,0.0330140292644501
-0.0430632084608078,0.116165459156036,-0.0157638266682625
-0.0430632084608078,0.114161714911461,0.0350464433431625
-0.0430632084608078,0.116165459156036,0.0330140292644501
-0.0390289276838303,0.114161714911461,-0.0177962407469749
-0.0390289276838303,0.116165459156036,-0.0157638266682625
-0.0390289276838303,0.114161714911461,0.0350464433431625
-0.0390289276838303,0.116165459156036,0.0330140292644501
-0.0349946543574333,0.116165459156036,-0.0157638266682625
-0.0349946543574333,0.114161714911461,0.0350464433431625
-0.0349946543574333,0.116165459156036,0.0330140292644501
-0.0309603735804558,0.116165459156036,-0.0157638266682625
-0.0309603735804558,0.114161714911461,0.0350464433431625
-0.0309603735804558,0.116165459156036,0.0330140292644501
-0.0269260928034782,0.116165459156036,-0.0157638266682625
-0.0269260928034782,0.114161714911461,0.0350464433431625
-0.0269260928034782,0.116165459156036,0.0330140292644501
-0.0228918194770813,0.114161714911461,-0.0177962407469749
-0.0228918194770813,0.116165459156036,-0.0157638266682625
-0.0249089524149895,0.116165459156036,0.0350464433431625
-0.0228918194770813,0.116165459156036,0.0370788499712944
-0.0188575387001038,0.114161714911461,-0.0177962407469749
-0.0188575387001038,0.116165459156036,-0.0157638266682625
-0.0188575387001038,0.114161714911461,0.0391112565994263
-0.0188575387001038,0.116165459156036,0.0370788499712944
-0.0148232579231262,0.114161714911461,-0.0177962407469749
-0.0148232579231262,0.116165459156036,-0.0157638266682625
-0.0148232579231262,0.114161714911461,0.0391112565994263
-0.0148232579231262,0.116165459156036,0.0370788499712944
-0.0107889771461487,0.114161714911461,-0.0177962407469749
-0.0107889771461487,0.116165459156036,-0.0157638266682625
-0.0128061175346375,0.116165459156036,0.0391112565994263
-0.0107889771461487,0.116165459156036,0.0411436706781387
-0.00675470381975174,0.114161714911461,-0.0177962407469749
-0.00675470381975174,0.116165459156036,-0.0157638266682625
-0.00675470381975174,0.116165459156036,0.0411436706781387
-0.0027204230427742,0.114161714911461,-0.0177962407469749
-0.0027204230427742,0.116165459156036,-0.0157638266682625
-0.0027204230427742,0.116165459156036,0.0411436706781387
-0.000703282654285431,0.116165459156036,-0.0177962407469749
0.00131385773420334,0.116165459156036,-0.0198286473751068
0.00131385773420334,0.116165459156036,0.0411436706781387
0.00534813106060028,0.116165459156036,-0.0198286473751068
0.00534813106060028,0.116165459156036,0.0411436706781387
0.00736527144908905,0.116165459156036,-0.0177962407469749
0.00938241183757782,0.114161714911461,-0.0177962407469749
0.00938241183757782,0.116165459156036,-0.0157638266682625
0.00938241183757782,0.116165459156036,0.0370788499712944
0.00736527144908905,0.116165459156036,0.0391112565994263
0.00938241183757782,0.114161714911461,0.0391112565994263
0.0134166926145554,0.114161714911461,-0.0177962407469749
0.0134166926145554,0.116165459156036,-0.0157638266682625
0.0134166926145554,0.116165459156036,0.0370788499712944
0.0174509733915329,0.116165459156036,-0.0157638266682625
0.0174509733915329,0.116165459156036,0.0370788499712944
0.0194681137800217,0.116165459156036,-0.0137314200401306
0.0214852541685104,0.114161714911461,-0.0137314200401306
0.0214852541685104,0.116165459156036,-0.0116990059614182
0.0214852541685104,0.116165459156036,0.0330140292644501
0.0194681137800217,0.116165459156036,0.0350464433431625
0.0214852541685104,0.114161714911461,0.0350464433431625
0.023502379655838,0.116165459156036,-0.00966659933328629
0.0255195200443268,0.114161714911461,-0.00966659933328629
0.0255195200443268,0.116165459156036,-0.00763418525457382
0.0255195200443268,0.114161714911461,0.0350464433431625
0.0255195200443268,0.116165459156036,0.0330140292644501
0.0275366604328156,0.116165459156036,-0.00560177862644196
0.0295538008213043,0.114161714911461,-0.00560177862644196
0.0295538008213043,0.116165459156036,-0.00356936454772949
0.0295538008213043,0.116165459156036,0.0289492085576057
0.0275366604328156,0.116165459156036,0.0309816226363182
0.0295538008213043,0.114161714911461,0.0309816226363182
0.0315709412097931,0.116165459156036,-0.00153695046901703
0.0335880815982819,0.114161714911461,-0.00153695046901703
0.0315709412097931,0.116165459156036,0.0025278702378273
0.0335880815982819,0.114161714911461,0.0025278702378273
0.0315709412097931,0.116165459156036,0.00659269094467163
0.0335880815982819,0.114161714911461,0.00659269094467163
0.0315709412097931,0.116165459156036,0.010657511651516
0.0335880815982819,0.114161714911461,0.010657511651516
0.0315709412097931,0.116165459156036,0.0147223323583603
0.0335880815982819,0.114161714911461,0.0147223323583603
0.0315709412097931,0.116165459156036,0.0187871530652046
0.0335880815982819,0.114161714911461,0.0187871530652046
0.0315709412097931,0.116165459156036,0.022851973772049
0.0335880815982819,0.114161714911461,0.022851973772049
0.0315709412097931,0.116165459156036,0.0269168019294739
0.0335880815982819,0.114161714911461,0.0269168019294739
-0.0914745479822159,0.120172962546349,0.0086250975728035
-0.0934916883707047,0.120172962546349,0.010657511651516
-0.0934916883707047,0.120172962546349,0.0147223323583603
-0.0934916883707047,0.120172962546349,0.0187871530652046
-0.0934916883707047,0.120172962546349,0.022851973772049
-0.0914745479822159,0.118169218301773,0.0269168019294739
-0.0934916883707047,0.120172962546349,0.0269168019294739
-0.0914745479822159,0.118169218301773,0.0309816226363182
-0.0934916883707047,0.120172962546349,0.0309816226363182
-0.0934916883707047,0.120172962546349,0.0350464433431625
-0.0934916883707047,0.120172962546349,0.0391112565994263
-0.0914745479822159,0.118169218301773,0.0431760847568512
-0.0934916883707047,0.120172962546349,0.0431760847568512
-0.0914745479822159,0.120172962546349,0.0452084988355637
-0.0874402672052383,0.120172962546349,0.000495456159114838
-0.0894574075937271,0.120172962546349,0.0025278702378273
-0.0894574075937271,0.120172962546349,0.00659269094467163
-0.0894574075937271,0.120172962546349,0.0472409129142761
-0.0874402672052383,0.118169218301773,0.0472409129142761
-0.0874402672052383,0.120172962546349,0.0492733120918274
-0.0834059938788414,0.120172962546349,-0.00356936454772949
-0.0854231268167496,0.120172962546349,-0.00153695046901703
-0.0834059938788414,0.120172962546349,0.0492733120918274
-0.0793717131018639,0.120172962546349,-0.00763418525457382
-0.0793717131018639,0.118169218301773,-0.00560177862644196
-0.0813888534903526,0.120172962546349,-0.00560177862644196
-0.0793717131018639,0.120172962546349,0.0492733120918274
-0.0753374397754669,0.120172962546349,-0.00763418525457382
-0.0773545801639557,0.120172962546349,0.0513057261705399
-0.0753374397754669,0.120172962546349,0.0533381402492523
-0.0713031589984894,0.120172962546349,-0.00763418525457382
-0.0713031589984894,0.120172962546349,0.0533381402492523
-0.0672688782215118,0.120172962546349,-0.00763418525457382
-0.0672688782215118,0.118169218301773,0.0513057261705399
-0.0672688782215118,0.120172962546349,0.0533381402492523
-0.0632345974445343,0.118169218301773,-0.00966659933328629
-0.0632345974445343,0.120172962546349,-0.00763418525457382
-0.0632345974445343,0.118169218301773,0.0431760847568512
-0.0632345974445343,0.120172962546349,0.0452084988355637
-0.0652517378330231,0.120172962546349,0.0472409129142761
-0.0652517378330231,0.120172962546349,0.0513057261705399
-0.0612174607813358,0.120172962546349,-0.00966659933328629
-0.0592003203928471,0.120172962546349,-0.0116990059614182
-0.0592003203928471,0.118169218301773,0.0391112565994263
-0.0592003203928471,0.120172962546349,0.0411436706781387
-0.0612174607813358,0.120172962546349,0.0431760847568512
-0.0551660433411598,0.118169218301773,-0.0137314200401306
-0.0551660433411598,0.120172962546349,-0.0116990059614182
-0.0551660433411598,0.120172962546349,0.0370788499712944
-0.0571831837296486,0.120172962546349,0.0391112565994263
-0.0511317625641823,0.118169218301773,-0.0137314200401306
-0.0511317625641823,0.120172962546349,-0.0116990059614182
-0.0511317625641823,0.120172962546349,0.0330140292644501
-0.0531489029526711,0.120172962546349,0.0350464433431625
-0.0470974892377853,0.118169218301773,-0.0137314200401306
-0.0470974892377853,0.120172962546349,-0.0116990059614182
-0.0470974892377853,0.120172962546349,0.0289492085576057
-0.0491146221756935,0.120172962546349,0.0309816226363182
-0.0470974892377853,0.118169218301773,0.0309816226363182
-0.0430632084608078,0.118169218301773,-0.0137314200401306
-0.0430632084608078,0.120172962546349,-0.0116990059614182
-0.0430632084608078,0.118169218301773,0.0309816226363182
-0.0430632084608078,0.120172962546349,0.0289492085576057
-0.0390289276838303,0.118169218301773,-0.0137314200401306
-0.0390289276838303,0.120172962546349,-0.0116990059614182
-0.0390289276838303,0.118169218301773,0.0309816226363182
-0.0390289276838303,0.120172962546349,0.0289492085576057
-0.0349946543574333,0.118169218301773,-0.0137314200401306
-0.0349946543574333,0.120172962546349,-0.0116990059614182
-0.0349946543574333,0.118169218301773,0.0309816226363182
-0.0349946543574333,0.120172962546349,0.0289492085576057
-0.0309603735804558,0.118169218301773,-0.0137314200401306
-0.0329775139689445,0.120172962546349,-0.00966659933328629
-0.0309603735804558,0.118169218301773,-0.00966659933328629
-0.0309603735804558,0.120172962546349,-0.00763418525457382
-0.0309603735804558,0.118169218301773,0.0309816226363182
-0.0309603735804558,0.120172962546349,0.0289492085576057
-0.0269260928034782,0.118169218301773,-0.0137314200401306
-0.0269260928034782,0.120172962546349,-0.0116990059614182
-0.028943233191967,0.120172962546349,-0.00966659933328629
-0.0269260928034782,0.118169218301773,0.0309816226363182
-0.0269260928034782,0.120172962546349,0.0289492085576057
-0.0228918194770813,0.118169218301773,-0.0137314200401306
-0.0228918194770813,0.120172962546349,-0.0116990059614182
-0.0249089524149895,0.120172962546349,0.0309816226363182
-0.0228918194770813,0.118169218301773,0.0350464433431625
-0.0228918194770813,0.120172962546349,0.0330140292644501
-0.0188575387001038,0.118169218301773,-0.0137314200401306
-0.0188575387001038,0.120172962546349,-0.0116990059614182
-0.0188575387001038,0.118169218301773,0.0350464433431625
-0.0188575387001038,0.120172962546349,0.0330140292644501
-0.0148232579231262,0.118169218301773,-0.0137314200401306
-0.0148232579231262,0.120172962546349,-0.0116990059614182
-0.016840398311615,0.120172962546349,0.0350464433431625
-0.0148232579231262,0.120172962546349,0.0370788499712944
-0.0107889771461487,0.118169218301773,-0.0137314200401306
-0.0107889771461487,0.120172962546349,-0.0116990059614182
-0.0107889771461487,0.118169218301773,0.0391112565994263
-0.0107889771461487,0.120172962546349,0.0370788499712944
-0.00675470381975174,0.118169218301773,-0.0137314200401306
-0.00675470381975174,0.120172962546349,-0.0116990059614182
-0.00675470381975174,0.118169218301773,0.0391112565994263
-0.00675470381975174,0.120172962546349,0.0370788499712944
-0.0027204230427742,0.118169218301773,-0.0137314200401306
-0.0027204230427742,0.120172962546349,-0.0116990059614182
-0.0027204230427742,0.118169218301773,0.0391112565994263
-0.0027204230427742,0.120172962546349,0.0370788499712944
0.00131385773420334,0.118169218301773,-0.0177962407469749
0.00131385773420334,0.118169218301773,-0.0137314200401306
0.00131385773420334,0.120172962546349,-0.0116990059614182
0.00131385773420334,0.118169218301773,0.0391112565994263
0.00131385773420334,0.120172962546349,0.0370788499712944
0.00534813106060028,0.118169218301773,-0.0177962407469749
0.00534813106060028,0.120172962546349,-0.0157638266682625
0.00333099067211151,0.120172962546349,-0.0137314200401306
0.00534813106060028,0.118169218301773,0.0391112565994263
0.00534813106060028,0.120172962546349,0.0370788499712944
0.00938241183757782,0.120172962546349,-0.0157638266682625
0.00938241183757782,0.120172962546349,0.0370788499712944
0.0113995522260666,0.120172962546349,-0.0137314200401306
0.0134166926145554,0.118169218301773,-0.0137314200401306
0.0134166926145554,0.120172962546349,-0.0116990059614182
0.0134166926145554,0.120172962546349,0.0370788499712944
0.0174509733915329,0.118169218301773,-0.0137314200401306
0.0174509733915329,0.120172962546349,-0.0116990059614182
0.0174509733915329,0.120172962546349,0.0330140292644501
0.0154338330030441,0.120172962546349,0.0350464433431625
0.0174509733915329,0.118169218301773,0.0350464433431625
0.0194681137800217,0.120172962546349,-0.00966659933328629
0.0214852541685104,0.118169218301773,-0.00966659933328629
0.0214852541685104,0.120172962546349,-0.00763418525457382
0.0214852541685104,0.120172962546349,0.0330140292644501
0.023502379655838,0.120172962546349,-0.00560177862644196
0.0255195200443268,0.118169218301773,-0.00560177862644196
0.0255195200443268,0.120172962546349,-0.00356936454772949
0.0255195200443268,0.120172962546349,0.0289492085576057
0.023502379655838,0.120172962546349,0.0309816226363182
0.0255195200443268,0.118169218301773,0.0309816226363182
0.0275366604328156,0.120172962546349,-0.00153695046901703
0.0295538008213043,0.118169218301773,-0.00153695046901703
0.0275366604328156,0.120172962546349,0.0025278702378273
0.0295538008213043,0.118169218301773,0.0025278702378273
0.0275366604328156,0.120172962546349,0.00659269094467163
0.0295538008213043,0.118169218301773,0.00659269094467163
0.0295538008213043,0.120172962546349,0.0086250975728035
0.0295538008213043,0.120172962546349,0.0167547464370728
0.0275366604328156,0.120172962546349,0.0187871530652046
0.0295538008213043,0.118169218301773,0.0187871530652046
0.0275366604328156,0.120172962546349,0.022851973772049
0.0295538008213043,0.118169218301773,0.022851973772049
0.0275366604328156,0.120172962546349,0.0269168019294739
0.0295538008213043,0.118169218301773,0.0269168019294739
0.0315709412097931,0.120172962546349,0.010657511651516
0.0315709412097931,0.120172962546349,0.0147223323583603
-0.0914745479822159,0.124180480837822,0.0086250975728035
-0.0934916883707047,0.124180480837822,0.010657511651516
-0.0934916883707047,0.124180480837822,0.0147223323583603
-0.0934916883707047,0.124180480837822,0.0187871530652046
-0.0934916883707047,0.124180480837822,0.022851973772049
-0.0934916883707047,0.124180480837822,0.0269168019294739
-0.0934916883707047,0.124180480837822,0.0309816226363182
-0.0934916883707047,0.124180480837822,0.0350464433431625
-0.0934916883707047,0.124180480837822,0.0391112565994263
-0.0934916883707047,0.124180480837822,0.0431760847568512
-0.0914745479822159,0.124180480837822,0.0452084988355637
-0.0874402672052383,0.124180480837822,0.000495456159114838
-0.0894574075937271,0.124180480837822,0.0025278702378273
-0.0894574075937271,0.124180480837822,0.00659269094467163
-0.0894574075937271,0.124180480837822,0.0472409129142761
-0.0874402672052383,0.124180480837822,0.0492733120918274
-0.0834059938788414,0.124180480837822,-0.00356936454772949
-0.0854231268167496,0.124180480837822,-0.00153695046901703
-0.0834059938788414,0.124180480837822,0.0492733120918274
-0.0793717131018639,0.124180480837822,-0.00763418525457382
-0.0813888534903526,0.124180480837822,-0.00560177862644196
-0.0813888534903526,0.124180480837822,0.0513057261705399
-0.0793717131018639,0.122176721692085,0.0513057261705399
-0.0793717131018639,0.124180480837822,0.0533381402492523
-0.0753374397754669,0.124180480837822,-0.00763418525457382
-0.0753374397754669,0.124180480837822,0.0533381402492523
-0.0713031589984894,0.124180480837822,-0.00763418525457382
-0.0713031589984894,0.124180480837822,0.0533381402492523
-0.0672688782215118,0.124180480837822,-0.00763418525457382
-0.0672688782215118,0.124180480837822,0.0533381402492523
-0.0632345974445343,0.124180480837822,-0.00763418525457382
-0.0632345974445343,0.124180480837822,0.0452084988355637
-0.0652517378330231,0.124180480837822,0.0472409129142761
-0.0652517378330231,0.124180480837822,0.0513057261705399
-0.0592003203928471,0.122176721692085,-0.00966659933328629
-0.0592003203928471,0.124180480837822,-0.00763418525457382
-0.0592003203928471,0.124180480837822,0.0411436706781387
-0.0612174607813358,0.124180480837822,0.0431760847568512
-0.0551660433411598,0.122176721692085,-0.00966659933328629
-0.0551660433411598,0.124180480837822,-0.00763418525457382
-0.0551660433411598,0.124180480837822,0.0370788499712944
-0.0571831837296486,0.124180480837822,0.0391112565994263
-0.0511317625641823,0.122176721692085,-0.00966659933328629
-0.0511317625641823,0.124180480837822,-0.00763418525457382
-0.0511317625641823,0.124180480837822,0.0330140292644501
-0.0531489029526711,0.124180480837822,0.0350464433431625
-0.0470974892377853,0.122176721692085,-0.00966659933328629
-0.0470974892377853,0.124180480837822,-0.00763418525457382
-0.0470974892377853,0.124180480837822,0.0289492085576057
-0.0491146221756935,0.124180480837822,0.0309816226363182
-0.0430632084608078,0.122176721692085,-0.00966659933328629
-0.0430632084608078,0.124180480837822,-0.00763418525457382
-0.0430632084608078,0.124180480837822,0.0248843878507614
-0.0450803488492966,0.124180480837822,0.0269168019294739
-0.0430632084608078,0.122176721692085,0.0269168019294739
-0.0390289276838303,0.122176721692085,-0.00966659933328629
-0.0390289276838303,0.124180480837822,-0.00763418525457382
-0.0390289276838303,0.122176721692085,0.0269168019294739
-0.0390289276838303,0.124180480837822,0.0248843878507614
-0.0349946543574333,0.122176721692085,-0.00966659933328629
-0.0349946543574333,0.124180480837822,-0.00763418525457382
-0.0349946543574333,0.122176721692085,0.0269168019294739
-0.0349946543574333,0.124180480837822,0.0248843878507614
-0.0329775139689445,0.124180480837822,-0.00560177862644196
-0.0309603735804558,0.122176721692085,-0.00560177862644196
-0.0329775139689445,0.124180480837822,-0.00153695046901703
-0.0309603735804558,0.122176721692085,-0.00153695046901703
-0.0309603735804558,0.124180480837822,0.000495456159114838
-0.0309603735804558,0.124180480837822,0.0208195671439171
-0.0329775139689445,0.124180480837822,0.022851973772049
-0.0309603735804558,0.122176721692085,0.022851973772049
-0.0309603735804558,0.122176721692085,0.0269168019294739
-0.0269260928034782,0.122176721692085,-0.00966659933328629
-0.0269260928034782,0.122176721692085,-0.00560177862644196
-0.0269260928034782,0.122176721692085,-0.00153695046901703
-0.0269260928034782,0.124180480837822,0.000495456159114838
-0.0269260928034782,0.122176721692085,0.022851973772049
-0.0269260928034782,0.124180480837822,0.0208195671439171
-0.0269260928034782,0.122176721692085,0.0269168019294739
-0.0228918194770813,0.122176721692085,-0.00966659933328629
-0.0228918194770813,0.122176721692085,-0.00560177862644196
-0.0228918194770813,0.124180480837822,-0.00356936454772949
-0.0249089524149895,0.124180480837822,-0.00153695046901703
-0.0228918194770813,0.122176721692085,0.022851973772049
-0.0228918194770813,0.124180480837822,0.0208195671439171
-0.0228918194770813,0.122176721692085,0.0269168019294739
-0.0228918194770813,0.122176721692085,0.0309816226363182
-0.0188575387001038,0.122176721692085,-0.00966659933328629
-0.0188575387001038,0.122176721692085,-0.00560177862644196
-0.0188575387001038,0.124180480837822,-0.00356936454772949
-0.0208746790885925,0.124180480837822,0.022851973772049
-0.0188575387001038,0.122176721692085,0.0269168019294739
-0.0188575387001038,0.124180480837822,0.0248843878507614
-0.0188575387001038,0.122176721692085,0.0309816226363182
-0.0148232579231262,0.122176721692085,-0.00966659933328629
-0.0148232579231262,0.124180480837822,-0.00763418525457382
-0.016840398311615,0.124180480837822,-0.00560177862644196
-0.016840398311615,0.124180480837822,0.0269168019294739
-0.0148232579231262,0.122176721692085,0.0309816226363182
-0.0148232579231262,0.124180480837822,0.0289492085576057
-0.0148232579231262,0.122176721692085,0.0350464433431625
-0.0107889771461487,0.122176721692085,-0.00966659933328629
-0.0107889771461487,0.124180480837822,-0.00763418525457382
-0.0128061175346375,0.124180480837822,0.0309816226363182
-0.0107889771461487,0.122176721692085,0.0350464433431625
-0.0107889771461487,0.124180480837822,0.0330140292644501
-0.00877184420824051,0.124180480837822,-0.00966659933328629
-0.00675470381975174,0.124180480837822,-0.0116990059614182
-0.00675470381975174,0.122176721692085,0.0350464433431625
-0.00675470381975174,0.124180480837822,0.0330140292644501
-0.00473756343126297,0.124180480837822,-0.00966659933328629
-0.0027204230427742,0.122176721692085,-0.00966659933328629
-0.0027204230427742,0.124180480837822,-0.00763418525457382
-0.0027204230427742,0.122176721692085,0.0350464433431625
-0.0027204230427742,0.124180480837822,0.0330140292644501
0.00131385773420334,0.122176721692085,-0.00966659933328629
0.00131385773420334,0.124180480837822,-0.00763418525457382
0.00131385773420334,0.122176721692085,0.0350464433431625
0.00131385773420334,0.124180480837822,0.0330140292644501
0.00534813106060028,0.122176721692085,-0.0137314200401306
0.00534813106060028,0.122176721692085,-0.00966659933328629
0.00534813106060028,0.124180480837822,-0.00763418525457382
0.00534813106060028,0.122176721692085,0.0350464433431625
0.00534813106060028,0.124180480837822,0.0330140292644501
0.00938241183757782,0.122176721692085,-0.0137314200401306
0.00938241183757782,0.122176721692085,-0.00966659933328629
0.00938241183757782,0.124180480837822,-0.00763418525457382
0.00938241183757782,0.122176721692085,0.0350464433431625
0.00938241183757782,0.124180480837822,0.0330140292644501
0.0134166926145554,0.122176721692085,-0.00966659933328629
0.0134166926145554,0.124180480837822,-0.00763418525457382
0.0134166926145554,0.122176721692085,0.0350464433431625
0.0134166926145554,0.124180480837822,0.0330140292644501
0.0174509733915329,0.122176721692085,-0.00966659933328629
0.0154338330030441,0.124180480837822,-0.00560177862644196
0.0174509733915329,0.122176721692085,-0.00560177862644196
0.0174509733915329,0.124180480837822,-0.00356936454772949
0.0174509733915329,0.124180480837822,0.0289492085576057
0.0154338330030441,0.124180480837822,0.0309816226363182
0.0174509733915329,0.122176721692085,0.0309816226363182
0.0214852541685104,0.122176721692085,-0.00560177862644196
0.0194681137800217,0.124180480837822,-0.00153695046901703
0.0214852541685104,0.122176721692085,-0.00153695046901703
0.0214852541685104,0.124180480837822,0.000495456159114838
0.0214852541685104,0.124180480837822,0.0248843878507614
0.0194681137800217,0.124180480837822,0.0269168019294739
0.0214852541685104,0.122176721692085,0.0269168019294739
0.0214852541685104,0.122176721692085,0.0309816226363182
0.0255195200443268,0.122176721692085,-0.00153695046901703
0.023502379655838,0.124180480837822,0.0025278702378273
0.0255195200443268,0.122176721692085,0.0025278702378273
0.023502379655838,0.124180480837822,0.00659269094467163
0.0255195200443268,0.122176721692085,0.00659269094467163
0.023502379655838,0.124180480837822,0.010657511651516
0.0255195200443268,0.122176721692085,0.010657511651516
0.023502379655838,0.124180480837822,0.0147223323583603
0.0255195200443268,0.122176721692085,0.0147223323583603
0.023502379655838,0.124180480837822,0.0187871530652046
0.0255195200443268,0.122176721692085,0.0187871530652046
0.023502379655838,0.124180480837822,0.022851973772049
0.0255195200443268,0.122176721692085,0.022851973772049
0.0255195200443268,0.122176721692085,0.0269168019294739
0.0295538008213043,0.122176721692085,0.010657511651516
0.0295538008213043,0.122176721692085,0.0147223323583603
-0.0914745479822159,0.128187984228134,0.0086250975728035
-0.0934916883707047,0.128187984228134,0.010657511651516
-0.0934916883707047,0.128187984228134,0.0147223323583603
-0.0934916883707047,0.128187984228134,0.0187871530652046
-0.0934916883707047,0.128187984228134,0.022851973772049
-0.0934916883707047,0.128187984228134,0.0269168019294739
-0.0934916883707047,0.128187984228134,0.0309816226363182
-0.0934916883707047,0.128187984228134,0.0350464433431625
-0.0914745479822159,0.126184225082397,0.0391112565994263
-0.0914745479822159,0.128187984228134,0.0370788499712944
-0.0914745479822159,0.126184225082397,0.0431760847568512
-0.0874402672052383,0.128187984228134,0.000495456159114838
-0.0894574075937271,0.128187984228134,0.0025278702378273
-0.0894574075937271,0.128187984228134,0.00659269094467163
-0.0894574075937271,0.128187984228134,0.0391112565994263
-0.0894574075937271,0.128187984228134,0.0431760847568512
-0.0874402672052383,0.126184225082397,0.0472409129142761
-0.0874402672052383,0.128187984228134,0.0452084988355637
-0.0834059938788414,0.128187984228134,-0.00356936454772949
-0.0854231268167496,0.128187984228134,-0.00153695046901703
-0.0854231268167496,0.128187984228134,0.0472409129142761
-0.0834059938788414,0.128187984228134,0.0492733120918274
-0.0793717131018639,0.128187984228134,-0.00763418525457382
-0.0813888534903526,0.128187984228134,-0.00560177862644196
-0.0813888534903526,0.128187984228134,0.0513057261705399
-0.0793717131018639,0.128187984228134,0.0533381402492523
-0.0753374397754669,0.128187984228134,-0.00763418525457382
-0.0753374397754669,0.128187984228134,0.0533381402492523
-0.0713031589984894,0.128187984228134,-0.00763418525457382
-0.0713031589984894,0.128187984228134,0.0533381402492523
-0.0672688782215118,0.128187984228134,-0.00763418525457382
-0.0672688782215118,0.128187984228134,0.0492733120918274
-0.0692860186100006,0.128187984228134,0.0513057261705399
-0.0672688782215118,0.126184225082397,0.0513057261705399
-0.0632345974445343,0.128187984228134,-0.00763418525457382
-0.0632345974445343,0.128187984228134,0.0452084988355637
-0.0652517378330231,0.128187984228134,0.0472409129142761
-0.0592003203928471,0.128187984228134,-0.00763418525457382
-0.0592003203928471,0.128187984228134,0.0411436706781387
-0.0612174607813358,0.128187984228134,0.0431760847568512
-0.0551660433411598,0.128187984228134,-0.00763418525457382
-0.0551660433411598,0.128187984228134,0.0370788499712944
-0.0571831837296486,0.128187984228134,0.0391112565994263
-0.0531489029526711,0.128187984228134,-0.00560177862644196
-0.0511317625641823,0.126184225082397,-0.00560177862644196
-0.0511317625641823,0.128187984228134,-0.00356936454772949
-0.0511317625641823,0.128187984228134,0.0330140292644501
-0.0531489029526711,0.128187984228134,0.0350464433431625
-0.0470974892377853,0.126184225082397,-0.00560177862644196
-0.0470974892377853,0.128187984228134,-0.00356936454772949
-0.0470974892377853,0.128187984228134,0.0248843878507614
-0.0491146221756935,0.128187984228134,0.0269168019294739
-0.0470974892377853,0.126184225082397,0.0269168019294739
-0.0491146221756935,0.128187984228134,0.0309816226363182
-0.0430632084608078,0.126184225082397,-0.00560177862644196
-0.0450803488492966,0.128187984228134,-0.00153695046901703
-0.0430632084608078,0.126184225082397,-0.00153695046901703
-0.0430632084608078,0.128187984228134,0.000495456159114838
-0.0430632084608078,0.128187984228134,0.0167547464370728
-0.0450803488492966,0.128187984228134,0.0187871530652046
-0.0430632084608078,0.126184225082397,0.0187871530652046
-0.0450803488492966,0.128187984228134,0.022851973772049
-0.0430632084608078,0.126184225082397,0.022851973772049
-0.0390289276838303,0.126184225082397,-0.00560177862644196
-0.0390289276838303,0.126184225082397,-0.00153695046901703
-0.041046068072319,0.128187984228134,0.0025278702378273
-0.0390289276838303,0.126184225082397,0.0025278702378273
-0.0390289276838303,0.128187984228134,0.00456027686595917
-0.0390289276838303,0.128187984228134,0.0126899257302284
-0.041046068072319,0.128187984228134,0.0147223323583603
-0.0390289276838303,0.126184225082397,0.0147223323583603
-0.0390289276838303,0.126184225082397,0.0187871530652046
-0.0390289276838303,0.126184225082397,0.022851973772049
-0.0349946543574333,0.126184225082397,-0.00560177862644196
-0.0349946543574333,0.126184225082397,-0.00153695046901703
-0.0349946543574333,0.126184225082397,0.0025278702378273
-0.0370117872953415,0.128187984228134,0.00659269094467163
-0.0349946543574333,0.126184225082397,0.00659269094467163
-0.0370117872953415,0.128187984228134,0.010657511651516
-0.0349946543574333,0.126184225082397,0.010657511651516
-0.0349946543574333,0.126184225082397,0.0147223323583603
-0.0349946543574333,0.126184225082397,0.0187871530652046
-0.0349946543574333,0.126184225082397,0.022851973772049
-0.0309603735804558,0.126184225082397,0.0025278702378273
-0.0309603735804558,0.126184225082397,0.00659269094467163
-0.0309603735804558,0.126184225082397,0.010657511651516
-0.0309603735804558,0.126184225082397,0.0147223323583603
-0.0309603735804558,0.126184225082397,0.0187871530652046
-0.0269260928034782,0.126184225082397,0.0025278702378273
-0.0269260928034782,0.126184225082397,0.00659269094467163
-0.0269260928034782,0.126184225082397,0.010657511651516
-0.0269260928034782,0.126184225082397,0.0147223323583603
-0.0269260928034782,0.126184225082397,0.0187871530652046
-0.0228918194770813,0.126184225082397,-0.00153695046901703
-0.0228918194770813,0.126184225082397,0.0025278702378273
-0.0228918194770813,0.126184225082397,0.00659269094467163
-0.0228918194770813,0.126184225082397,0.010657511651516
-0.0228918194770813,0.126184225082397,0.0147223323583603
-0.0228918194770813,0.126184225082397,0.0187871530652046
-0.0188575387001038,0.126184225082397,-0.00153695046901703
-0.0188575387001038,0.126184225082397,0.0025278702378273
-0.0188575387001038,0.126184225082397,0.00659269094467163
-0.0188575387001038,0.126184225082397,0.010657511651516
-0.0188575387001038,0.126184225082397,0.0147223323583603
-0.0188575387001038,0.126184225082397,0.0187871530652046
-0.0188575387001038,0.126184225082397,0.022851973772049
-0.0148232579231262,0.126184225082397,-0.00560177862644196
-0.0148232579231262,0.126184225082397,-0.00153695046901703
-0.0148232579231262,0.126184225082397,0.0025278702378273
-0.0148232579231262,0.128187984228134,0.00456027686595917
-0.016840398311615,0.128187984228134,0.00659269094467163
-0.016840398311615,0.128187984228134,0.010657511651516
-0.016840398311615,0.128187984228134,0.0147223323583603
-0.016840398311615,0.128187984228134,0.0187871530652046
-0.0148232579231262,0.126184225082397,0.022851973772049
-0.0148232579231262,0.128187984228134,0.0208195671439171
-0.0148232579231262,0.126184225082397,0.0269168019294739
-0.0107889771461487,0.126184225082397,-0.00560177862644196
-0.0107889771461487,0.126184225082397,-0.00153695046901703
-0.0107889771461487,0.128187984228134,0.000495456159114838
-0.0128061175346375,0.128187984228134,0.0025278702378273
-0.0128061175346375,0.128187984228134,0.022851973772049
-0.0107889771461487,0.126184225082397,0.0269168019294739
-0.0107889771461487,0.128187984228134,0.0248843878507614
-0.0107889771461487,0.126184225082397,0.0309816226363182
-0.00675470381975174,0.126184225082397,-0.00966659933328629
-0.00675470381975174,0.126184225082397,-0.00560177862644196
-0.00675470381975174,0.128187984228134,-0.00356936454772949
-0.00877184420824051,0.128187984228134,-0.00153695046901703
-0.00877184420824051,0.128187984228134,0.0269168019294739
-0.00675470381975174,0.126184225082397,0.0309816226363182
-0.00675470381975174,0.128187984228134,0.0289492085576057
-0.0027204230427742,0.126184225082397,-0.00560177862644196
-0.0027204230427742,0.128187984228134,-0.00356936454772949
-0.0027204230427742,0.126184225082397,0.0309816226363182
-0.0027204230427742,0.128187984228134,0.0289492085576057
0.00131385773420334,0.126184225082397,-0.00560177862644196
0.00131385773420334,0.128187984228134,-0.00356936454772949
0.00131385773420334,0.126184225082397,0.0309816226363182
0.00131385773420334,0.128187984228134,0.0289492085576057
0.00534813106060028,0.126184225082397,-0.00560177862644196
0.00534813106060028,0.128187984228134,-0.00356936454772949
0.00534813106060028,0.126184225082397,0.0309816226363182
0.00534813106060028,0.128187984228134,0.0289492085576057
0.00938241183757782,0.126184225082397,-0.00560177862644196
0.00938241183757782,0.128187984228134,-0.00356936454772949
0.00938241183757782,0.126184225082397,0.0309816226363182
0.00938241183757782,0.128187984228134,0.0289492085576057
0.0134166926145554,0.126184225082397,-0.00560177862644196
0.0113995522260666,0.128187984228134,-0.00153695046901703
0.0134166926145554,0.126184225082397,-0.00153695046901703
0.0134166926145554,0.128187984228134,0.000495456159114838
0.0134166926145554,0.128187984228134,0.0248843878507614
0.0113995522260666,0.128187984228134,0.0269168019294739
0.0134166926145554,0.126184225082397,0.0269168019294739
0.0134166926145554,0.126184225082397,0.0309816226363182
0.0174509733915329,0.126184225082397,-0.00153695046901703
0.0154338330030441,0.128187984228134,0.0025278702378273
0.0174509733915329,0.126184225082397,0.0025278702378273
0.0154338330030441,0.128187984228134,0.00659269094467163
0.0174509733915329,0.126184225082397,0.00659269094467163
0.0174509733915329,0.128187984228134,0.0086250975728035
0.0174509733915329,0.128187984228134,0.0167547464370728
0.0154338330030441,0.128187984228134,0.0187871530652046
0.0174509733915329,0.126184225082397,0.0187871530652046
0.0154338330030441,0.128187984228134,0.022851973772049
0.0174509733915329,0.126184225082397,0.022851973772049
0.0174509733915329,0.126184225082397,0.0269168019294739
0.0214852541685104,0.126184225082397,0.0025278702378273
0.0214852541685104,0.126184225082397,0.00659269094467163
0.0194681137800217,0.128187984228134,0.010657511651516
0.0214852541685104,0.126184225082397,0.010657511651516
0.0194681137800217,0.128187984228134,0.0147223323583603
0.0214852541685104,0.126184225082397,0.0147223323583603
0.0214852541685104,0.126184225082397,0.0187871530652046
0.0214852541685104,0.126184225082397,0.022851973772049
-0.0914745479822159,0.132195487618446,0.0086250975728035
-0.0934916883707047,0.132195487618446,0.010657511651516
-0.0934916883707047,0.132195487618446,0.0147223323583603
-0.0934916883707047,0.132195487618446,0.0187871530652046
-0.0934916883707047,0.132195487618446,0.022851973772049
-0.0914745479822159,0.13019172847271,0.0269168019294739
-0.0914745479822159,0.132195487618446,0.0248843878507614
-0.0914745479822159,0.13019172847271,0.0309816226363182
-0.0914745479822159,0.13019172847271,0.0350464433431625
-0.0874402672052383,0.132195487618446,0.000495456159114838
-0.0894574075937271,0.132195487618446,0.0025278702378273
-0.0894574075937271,0.132195487618446,0.00659269094467163
-0.0894574075937271,0.132195487618446,0.0269168019294739
-0.0894574075937271,0.132195487618446,0.0309816226363182
-0.0894574075937271,0.132195487618446,0.0350464433431625
-0.0894574075937271,0.132195487618446,0.0391112565994263
-0.0894574075937271,0.132195487618446,0.0431760847568512
-0.0874402672052383,0.132195487618446,0.0452084988355637
-0.0834059938788414,0.132195487618446,-0.00356936454772949
-0.0854231268167496,0.132195487618446,-0.00153695046901703
-0.0854231268167496,0.132195487618446,0.0472409129142761
-0.0834059938788414,0.132195487618446,0.0492733120918274
-0.0793717131018639,0.13019172847271,-0.00560177862644196
-0.0793717131018639,0.132195487618446,-0.00356936454772949
-0.0813888534903526,0.132195487618446,0.0513057261705399
-0.0793717131018639,0.132195487618446,0.0533381402492523
-0.0773545801639557,0.132195487618446,-0.00560177862644196
-0.0753374397754669,0.132195487618446,-0.00763418525457382
-0.0753374397754669,0.132195487618446,0.0533381402492523
-0.0713031589984894,0.132195487618446,-0.00763418525457382
-0.0713031589984894,0.132195487618446,0.0492733120918274
-0.0733202993869781,0.132195487618446,0.0513057261705399
-0.0713031589984894,0.13019172847271,0.0513057261705399
-0.0672688782215118,0.132195487618446,-0.00763418525457382
-0.0672688782215118,0.132195487618446,0.0452084988355637
-0.0692860186100006,0.132195487618446,0.0472409129142761
-0.0672688782215118,0.13019172847271,0.0472409129142761
-0.0632345974445343,0.132195487618446,-0.00763418525457382
-0.0632345974445343,0.132195487618446,0.0411436706781387
-0.0652517378330231,0.132195487618446,0.0431760847568512
-0.0632345974445343,0.13019172847271,0.0431760847568512
-0.0592003203928471,0.132195487618446,-0.00763418525457382
-0.0592003203928471,0.132195487618446,0.0370788499712944
-0.0612174607813358,0.132195487618446,0.0391112565994263
-0.0592003203928471,0.13019172847271,0.0391112565994263
-0.0571831837296486,0.132195487618446,-0.00560177862644196
-0.0551660433411598,0.13019172847271,-0.00560177862644196
-0.0551660433411598,0.132195487618446,-0.00356936454772949
-0.0551660433411598,0.132195487618446,0.0330140292644501
-0.0571831837296486,0.132195487618446,0.0350464433431625
-0.0551660433411598,0.13019172847271,0.0350464433431625
-0.0511317625641823,0.132195487618446,-0.00356936454772949
-0.0511317625641823,0.132195487618446,0.0289492085576057
-0.0531489029526711,0.132195487618446,0.0309816226363182
-0.0511317625641823,0.13019172847271,0.0309816226363182
-0.0491146221756935,0.132195487618446,-0.00153695046901703
-0.0470974892377853,0.13019172847271,-0.00153695046901703
-0.0491146221756935,0.132195487618446,0.0025278702378273
-0.0470974892377853,0.13019172847271,0.0025278702378273
-0.0470974892377853,0.132195487618446,0.00456027686595917
-0.0470974892377853,0.132195487618446,0.0208195671439171
-0.0491146221756935,0.132195487618446,0.022851973772049
-0.0470974892377853,0.13019172847271,0.022851973772049
-0.0491146221756935,0.132195487618446,0.0269168019294739
-0.0430632084608078,0.13019172847271,0.0025278702378273
-0.0450803488492966,0.132195487618446,0.00659269094467163
-0.0430632084608078,0.13019172847271,0.00659269094467163
-0.0450803488492966,0.132195487618446,0.010657511651516
-0.0430632084608078,0.13019172847271,0.010657511651516
-0.0450803488492966,0.132195487618446,0.0147223323583603
-0.0430632084608078,0.13019172847271,0.0147223323583603
-0.0450803488492966,0.132195487618446,0.0187871530652046
-0.0390289276838303,0.13019172847271,0.00659269094467163
-0.0390289276838303,0.13019172847271,0.010657511651516
-0.0148232579231262,0.13019172847271,0.00659269094467163
-0.0148232579231262,0.13019172847271,0.010657511651516
-0.0148232579231262,0.13019172847271,0.0147223323583603
-0.0148232579231262,0.13019172847271,0.0187871530652046
-0.0107889771461487,0.13019172847271,0.0025278702378273
-0.0107889771461487,0.13019172847271,0.00659269094467163
-0.0107889771461487,0.13019172847271,0.010657511651516
-0.0107889771461487,0.13019172847271,0.0147223323583603
-0.0107889771461487,0.13019172847271,0.0187871530652046
-0.0107889771461487,0.13019172847271,0.022851973772049
-0.00675470381975174,0.13019172847271,-0.00153695046901703
-0.00675470381975174,0.13019172847271,0.0025278702378273
-0.00675470381975174,0.13019172847271,0.00659269094467163
-0.00675470381975174,0.13019172847271,0.010657511651516
-0.00675470381975174,0.13019172847271,0.0147223323583603
-0.00675470381975174,0.13019172847271,0.0187871530652046
-0.00675470381975174,0.13019172847271,0.022851973772049
-0.00675470381975174,0.13019172847271,0.0269168019294739
-0.0027204230427742,0.13019172847271,-0.00153695046901703
-0.0027204230427742,0.13019172847271,0.0025278702378273
-0.0027204230427742,0.13019172847271,0.00659269094467163
-0.0027204230427742,0.13019172847271,0.010657511651516
-0.0027204230427742,0.13019172847271,0.0147223323583603
-0.0027204230427742,0.13019172847271,0.0187871530652046
-0.0027204230427742,0.13019172847271,0.022851973772049
-0.0027204230427742,0.13019172847271,0.0269168019294739
0.00131385773420334,0.13019172847271,-0.00153695046901703
0.00131385773420334,0.13019172847271,0.0025278702378273
0.00131385773420334,0.13019172847271,0.00659269094467163
0.00131385773420334,0.13019172847271,0.010657511651516
0.00131385773420334,0.13019172847271,0.0147223323583603
0.00131385773420334,0.13019172847271,0.0187871530652046
0.00131385773420334,0.13019172847271,0.022851973772049
0.00131385773420334,0.13019172847271,0.0269168019294739
0.00534813106060028,0.13019172847271,-0.00153695046901703
0.00534813106060028,0.13019172847271,0.0025278702378273
0.00534813106060028,0.13019172847271,0.00659269094467163
0.00534813106060028,0.13019172847271,0.010657511651516
0.00534813106060028,0.13019172847271,0.0147223323583603
0.00534813106060028,0.13019172847271,0.0187871530652046
0.00534813106060028,0.13019172847271,0.022851973772049
0.00534813106060028,0.13019172847271,0.0269168019294739
0.00938241183757782,0.13019172847271,-0.00153695046901703
0.00938241183757782,0.13019172847271,0.0025278702378273
0.00938241183757782,0.13019172847271,0.00659269094467163
0.00938241183757782,0.13019172847271,0.010657511651516
0.00938241183757782,0.13019172847271,0.0147223323583603
0.00938241183757782,0.13019172847271,0.0187871530652046
0.00938241183757782,0.13019172847271,0.022851973772049
0.00938241183757782,0.13019172847271,0.0269168019294739
0.0134166926145554,0.13019172847271,0.0025278702378273
0.0134166926145554,0.13019172847271,0.00659269094467163
0.0134166926145554,0.13019172847271,0.010657511651516
0.0134166926145554,0.13019172847271,0.0147223323583603
0.0134166926145554,0.13019172847271,0.0187871530652046
0.0134166926145554,0.13019172847271,0.022851973772049
0.0174509733915329,0.13019172847271,0.010657511651516
0.0174509733915329,0.13019172847271,0.0147223323583603
-0.0914745479822159,0.134199231863022,0.010657511651516
-0.0914745479822159,0.134199231863022,0.0147223323583603
-0.0914745479822159,0.134199231863022,0.0187871530652046
-0.0914745479822159,0.134199231863022,0.022851973772049
-0.0874402672052383,0.134199231863022,0.0025278702378273
-0.0874402672052383,0.136202991008759,0.00456027686595917
-0.0894574075937271,0.136202991008759,0.00659269094467163
-0.0894574075937271,0.136202991008759,0.010657511651516
-0.0894574075937271,0.136202991008759,0.0147223323583603
-0.0894574075937271,0.136202991008759,0.0187871530652046
-0.0894574075937271,0.136202991008759,0.022851973772049
-0.0894574075937271,0.136202991008759,0.0269168019294739
-0.0894574075937271,0.136202991008759,0.0309816226363182
-0.0894574075937271,0.136202991008759,0.0350464433431625
-0.0894574075937271,0.136202991008759,0.0391112565994263
-0.0874402672052383,0.134199231863022,0.0431760847568512
-0.0874402672052383,0.136202991008759,0.0411436706781387
-0.0834059938788414,0.134199231863022,-0.00153695046901703
-0.0834059938788414,0.136202991008759,0.000495456159114838
-0.0854231268167496,0.136202991008759,0.0025278702378273
-0.0854231268167496,0.136202991008759,0.0431760847568512
-0.0854231268167496,0.136202991008759,0.0472409129142761
-0.0834059938788414,0.136202991008759,0.0492733120918274
-0.0813888534903526,0.136202991008759,-0.00153695046901703
-0.0793717131018639,0.136202991008759,-0.00356936454772949
-0.0793717131018639,0.134199231863022,0.0513057261705399
-0.0793717131018639,0.136202991008759,0.0492733120918274
-0.0753374397754669,0.136202991008759,-0.00763418525457382
-0.0773545801639557,0.136202991008759,-0.00560177862644196
-0.0753374397754669,0.134199231863022,0.0513057261705399
-0.0753374397754669,0.136202991008759,0.0492733120918274
-0.0713031589984894,0.136202991008759,-0.00763418525457382
-0.0713031589984894,0.136202991008759,0.0492733120918274
-0.0672688782215118,0.136202991008759,-0.00763418525457382
-0.0672688782215118,0.136202991008759,0.0452084988355637
-0.0692860186100006,0.136202991008759,0.0472409129142761
-0.0632345974445343,0.136202991008759,-0.00763418525457382
-0.0632345974445343,0.136202991008759,0.0370788499712944
-0.0652517378330231,0.136202991008759,0.0391112565994263
-0.0632345974445343,0.134199231863022,0.0391112565994263
-0.0652517378330231,0.136202991008759,0.0431760847568512
-0.0592003203928471,0.136202991008759,-0.00763418525457382
-0.0592003203928471,0.136202991008759,0.0330140292644501
-0.0612174607813358,0.136202991008759,0.0350464433431625
-0.0592003203928471,0.134199231863022,0.0350464433431625
-0.0571831837296486,0.136202991008759,-0.00560177862644196
-0.0551660433411598,0.136202991008759,-0.00356936454772949
-0.0551660433411598,0.136202991008759,0.0330140292644501
-0.0531489029526711,0.136202991008759,-0.00153695046901703
-0.0511317625641823,0.134199231863022,-0.00153695046901703
-0.0511317625641823,0.136202991008759,0.000495456159114838
-0.0511317625641823,0.136202991008759,0.0248843878507614
-0.0531489029526711,0.136202991008759,0.0269168019294739
-0.0511317625641823,0.134199231863022,0.0269168019294739
-0.0531489029526711,0.136202991008759,0.0309816226363182
-0.0491146221756935,0.136202991008759,0.0025278702378273
-0.0491146221756935,0.136202991008759,0.00659269094467163
-0.0470974892377853,0.134199231863022,0.00659269094467163
-0.0491146221756935,0.136202991008759,0.010657511651516
-0.0470974892377853,0.134199231863022,0.010657511651516
-0.0491146221756935,0.136202991008759,0.0147223323583603
-0.0470974892377853,0.134199231863022,0.0147223323583603
-0.0491146221756935,0.136202991008759,0.0187871530652046
-0.0470974892377853,0.134199231863022,0.0187871530652046
-0.0491146221756935,0.136202991008759,0.022851973772049
-0.0874402672052383,0.138206750154495,0.00659269094467163
-0.0874402672052383,0.140210494399071,0.0086250975728035
-0.0894574075937271,0.140210494399071,0.010657511651516
-0.0894574075937271,0.140210494399071,0.0147223323583603
-0.0894574075937271,0.140210494399071,0.0187871530652046
-0.0894574075937271,0.140210494399071,0.022851973772049
-0.0894574075937271,0.140210494399071,0.0269168019294739
-0.0894574075937271,0.140210494399071,0.0309816226363182
-0.0894574075937271,0.140210494399071,0.0350464433431625
-0.0894574075937271,0.140210494399071,0.0391112565994263
-0.0874402672052383,0.140210494399071,0.0411436706781387
-0.0834059938788414,0.140210494399071,0.000495456159114838
-0.0854231268167496,0.140210494399071,0.0025278702378273
-0.0854231268167496,0.140210494399071,0.00659269094467163
-0.0854231268167496,0.140210494399071,0.0431760847568512
-0.0834059938788414,0.138206750154495,0.0472409129142761
-0.0834059938788414,0.140210494399071,0.0452084988355637
-0.0793717131018639,0.140210494399071,-0.00356936454772949
-0.0813888534903526,0.140210494399071,-0.00153695046901703
-0.0813888534903526,0.140210494399071,0.0472409129142761
-0.0793717131018639,0.140210494399071,0.0492733120918274
-0.0753374397754669,0.140210494399071,-0.00763418525457382
-0.0773545801639557,0.140210494399071,-0.00560177862644196
-0.0753374397754669,0.140210494399071,0.0492733120918274
-0.0713031589984894,0.140210494399071,-0.00763418525457382
-0.0713031589984894,0.140210494399071,0.0452084988355637
-0.0733202993869781,0.140210494399071,0.0472409129142761
-0.0713031589984894,0.138206750154495,0.0472409129142761
-0.0672688782215118,0.140210494399071,-0.00763418525457382
-0.0672688782215118,0.140210494399071,0.0452084988355637
-0.0632345974445343,0.140210494399071,-0.00763418525457382
-0.0632345974445343,0.140210494399071,0.0370788499712944
-0.0652517378330231,0.140210494399071,0.0391112565994263
-0.0652517378330231,0.140210494399071,0.0431760847568512
-0.0612174607813358,0.140210494399071,-0.00560177862644196
-0.0592003203928471,0.138206750154495,-0.00560177862644196
-0.0592003203928471,0.140210494399071,-0.00356936454772949
-0.0592003203928471,0.140210494399071,0.0330140292644501
-0.0612174607813358,0.140210494399071,0.0350464433431625
-0.0551660433411598,0.140210494399071,-0.00356936454772949
-0.0551660433411598,0.140210494399071,0.0289492085576057
-0.0571831837296486,0.140210494399071,0.0309816226363182
-0.0551660433411598,0.138206750154495,0.0309816226363182
-0.0531489029526711,0.140210494399071,-0.00153695046901703
-0.0511317625641823,0.140210494399071,0.000495456159114838
-0.0511317625641823,0.140210494399071,0.0208195671439171
-0.0531489029526711,0.140210494399071,0.022851973772049
-0.0511317625641823,0.138206750154495,0.022851973772049
-0.0531489029526711,0.140210494399071,0.0269168019294739
-0.0491146221756935,0.140210494399071,0.0025278702378273
-0.0491146221756935,0.140210494399071,0.00659269094467163
-0.0491146221756935,0.140210494399071,0.010657511651516
-0.0491146221756935,0.140210494399071,0.0147223323583603
-0.0491146221756935,0.140210494399071,0.0187871530652046
-0.0914745479822159,0.144217997789383,0.0167547464370728
-0.0914745479822159,0.142214253544807,0.0187871530652046
-0.0934916883707047,0.144217997789383,0.0187871530652046
-0.0914745479822159,0.144217997789383,0.0208195671439171
-0.0874402672052383,0.144217997789383,0.0086250975728035
-0.0894574075937271,0.144217997789383,0.010657511651516
-0.0894574075937271,0.144217997789383,0.0147223323583603
-0.0894574075937271,0.144217997789383,0.022851973772049
-0.0894574075937271,0.144217997789383,0.0269168019294739
-0.0894574075937271,0.144217997789383,0.0309816226363182
-0.0894574075937271,0.144217997789383,0.0350464433431625
-0.0874402672052383,0.142214253544807,0.0391112565994263
-0.0874402672052383,0.144217997789383,0.0370788499712944
-0.0834059938788414,0.142214253544807,0.0025278702378273
-0.0834059938788414,0.144217997789383,0.00456027686595917
-0.0854231268167496,0.144217997789383,0.00659269094467163
-0.0854231268167496,0.144217997789383,0.0391112565994263
-0.0834059938788414,0.142214253544807,0.0431760847568512
-0.0834059938788414,0.144217997789383,0.0411436706781387
-0.0793717131018639,0.144217997789383,-0.00356936454772949
-0.0813888534903526,0.144217997789383,-0.00153695046901703
-0.0813888534903526,0.144217997789383,0.0025278702378273
-0.0813888534903526,0.144217997789383,0.0431760847568512
-0.0793717131018639,0.142214253544807,0.0472409129142761
-0.0793717131018639,0.144217997789383,0.0452084988355637
-0.0753374397754669,0.144217997789383,-0.00763418525457382
-0.0773545801639557,0.144217997789383,-0.00560177862644196
-0.0753374397754669,0.142214253544807,0.0472409129142761
-0.0753374397754669,0.144217997789383,0.0452084988355637
-0.0713031589984894,0.144217997789383,-0.0157638266682625
-0.0713031589984894,0.142214253544807,-0.0137314200401306
-0.0733202993869781,0.144217997789383,-0.0137314200401306
-0.0713031589984894,0.142214253544807,-0.00966659933328629
-0.0733202993869781,0.144217997789383,-0.00966659933328629
-0.0713031589984894,0.144217997789383,0.0452084988355637
-0.0672688782215118,0.144217997789383,-0.0157638266682625
-0.0672688782215118,0.142214253544807,-0.0137314200401306
-0.0672688782215118,0.142214253544807,-0.00966659933328629
-0.0672688782215118,0.144217997789383,0.0411436706781387
-0.0692860186100006,0.144217997789383,0.0431760847568512
-0.0672688782215118,0.142214253544807,0.0431760847568512
-0.0652517378330231,0.144217997789383,-0.0137314200401306
-0.0652517378330231,0.144217997789383,-0.00966659933328629
-0.0632345974445343,0.144217997789383,-0.00763418525457382
-0.0632345974445343,0.144217997789383,0.0370788499712944
-0.0652517378330231,0.144217997789383,0.0391112565994263
-0.0612174607813358,0.144217997789383,-0.00560177862644196
-0.0592003203928471,0.144217997789383,-0.00356936454772949
-0.0592003203928471,0.144217997789383,0.0330140292644501
-0.0612174607813358,0.144217997789383,0.0350464433431625
-0.0571831837296486,0.144217997789383,-0.00153695046901703
-0.0551660433411598,0.142214253544807,-0.00153695046901703
-0.0551660433411598,0.144217997789383,0.000495456159114838
-0.0551660433411598,0.144217997789383,0.0289492085576057
-0.0571831837296486,0.144217997789383,0.0309816226363182
-0.0511317625641823,0.144217997789383,0.000495456159114838
-0.0511317625641823,0.144217997789383,0.0167547464370728
-0.0531489029526711,0.144217997789383,0.0187871530652046
-0.0511317625641823,0.142214253544807,0.0187871530652046
-0.0531489029526711,0.144217997789383,0.022851973772049
-0.0531489029526711,0.144217997789383,0.0269168019294739
-0.0491146221756935,0.144217997789383,0.0025278702378273
-0.0491146221756935,0.144217997789383,0.00659269094467163
-0.0491146221756935,0.144217997789383,0.010657511651516
-0.0491146221756935,0.144217997789383,0.0147223323583603
-0.0914745479822159,0.148225516080856,0.0167547464370728
-0.0934916883707047,0.148225516080856,0.0187871530652046
-0.0914745479822159,0.148225516080856,0.0208195671439171
-0.0874402672052383,0.148225516080856,0.0086250975728035
-0.0894574075937271,0.148225516080856,0.010657511651516
-0.0894574075937271,0.148225516080856,0.0147223323583603
-0.0894574075937271,0.148225516080856,0.022851973772049
-0.0894574075937271,0.148225516080856,0.0269168019294739
-0.0874402672052383,0.14622175693512,0.0309816226363182
-0.0874402672052383,0.148225516080856,0.0289492085576057
-0.0874402672052383,0.14622175693512,0.0350464433431625
-0.0834059938788414,0.148225516080856,0.00456027686595917
-0.0854231268167496,0.148225516080856,0.00659269094467163
-0.0854231268167496,0.148225516080856,0.0309816226363182
-0.0854231268167496,0.148225516080856,0.0350464433431625
-0.0834059938788414,0.14622175693512,0.0391112565994263
-0.0834059938788414,0.148225516080856,0.0370788499712944
-0.0793717131018639,0.14622175693512,-0.00153695046901703
-0.0793717131018639,0.148225516080856,0.000495456159114838
-0.0813888534903526,0.148225516080856,0.0025278702378273
-0.0813888534903526,0.148225516080856,0.0391112565994263
-0.0793717131018639,0.14622175693512,0.0431760847568512
-0.0793717131018639,0.148225516080856,0.0411436706781387
-0.0753374397754669,0.148225516080856,-0.0157638266682625
-0.0753374397754669,0.14622175693512,-0.0137314200401306
-0.0773545801639557,0.148225516080856,-0.0137314200401306
-0.0753374397754669,0.14622175693512,-0.00966659933328629
-0.0773545801639557,0.148225516080856,-0.00966659933328629
-0.0773545801639557,0.148225516080856,-0.00560177862644196
-0.0773545801639557,0.148225516080856,-0.00153695046901703
-0.0753374397754669,0.14622175693512,0.0431760847568512
-0.0753374397754669,0.148225516080856,0.0411436706781387
-0.0713031589984894,0.148225516080856,-0.0320231169462204
-0.0713031589984894,0.14622175693512,-0.0299907028675079
-0.0733202993869781,0.148225516080856,-0.0299907028675079
-0.0713031589984894,0.14622175693512,-0.0259258821606636
-0.0733202993869781,0.148225516080856,-0.0259258821606636
-0.0713031589984894,0.14622175693512,-0.0218610614538193
-0.0733202993869781,0.148225516080856,-0.0218610614538193
-0.0713031589984894,0.14622175693512,-0.0177962407469749
-0.0733202993869781,0.148225516080856,-0.0177962407469749
-0.0713031589984894,0.14622175693512,0.0431760847568512
-0.0713031589984894,0.148225516080856,0.0411436706781387
-0.0672688782215118,0.148225516080856,-0.0320231169462204
-0.0672688782215118,0.14622175693512,-0.0299907028675079
-0.0672688782215118,0.14622175693512,-0.0259258821606636
-0.0672688782215118,0.14622175693512,-0.0218610614538193
-0.0672688782215118,0.14622175693512,-0.0177962407469749
-0.0672688782215118,0.148225516080856,0.0411436706781387
-0.0652517378330231,0.148225516080856,-0.0299907028675079
-0.0652517378330231,0.148225516080856,-0.0259258821606636
-0.0652517378330231,0.148225516080856,-0.0218610614538193
-0.0632345974445343,0.148225516080856,-0.0198286473751068
-0.0632345974445343,0.14622175693512,-0.0177962407469749
-0.0632345974445343,0.14622175693512,-0.0137314200401306
-0.0632345974445343,0.14622175693512,-0.00966659933328629
-0.0632345974445343,0.148225516080856,0.0370788499712944
-0.0652517378330231,0.148225516080856,0.0391112565994263
-0.0612174607813358,0.148225516080856,-0.0177962407469749
-0.0612174607813358,0.148225516080856,-0.0137314200401306
-0.0612174607813358,0.148225516080856,-0.00966659933328629
-0.0612174607813358,0.148225516080856,-0.00560177862644196
-0.0592003203928471,0.148225516080856,-0.00356936454772949
-0.0592003203928471,0.14622175693512,0.0350464433431625
-0.0592003203928471,0.148225516080856,0.0370788499712944
-0.0551660433411598,0.14622175693512,-0.00153695046901703
-0.0551660433411598,0.148225516080856,-0.00356936454772949
-0.0551660433411598,0.148225516080856,0.0289492085576057
-0.0571831837296486,0.148225516080856,0.0309816226363182
-0.0571831837296486,0.148225516080856,0.0350464433431625
-0.0511317625641823,0.148225516080856,-0.00356936454772949
-0.0511317625641823,0.14622175693512,-0.00153695046901703
-0.0511317625641823,0.148225516080856,0.0126899257302284
-0.0531489029526711,0.148225516080856,0.0147223323583603
-0.0511317625641823,0.14622175693512,0.0147223323583603
-0.0531489029526711,0.148225516080856,0.0187871530652046
-0.0531489029526711,0.148225516080856,0.022851973772049
-0.0531489029526711,0.148225516080856,0.0269168019294739
-0.0470974892377853,0.148225516080856,-0.00356936454772949
-0.0470974892377853,0.14622175693512,-0.00153695046901703
-0.0470974892377853,0.14622175693512,0.0025278702378273
-0.0470974892377853,0.14622175693512,0.00659269094467163
-0.0470974892377853,0.148225516080856,0.0086250975728035
-0.0491146221756935,0.148225516080856,0.010657511651516
-0.0430632084608078,0.148225516080856,-0.00356936454772949
-0.0430632084608078,0.14622175693512,-0.00153695046901703
-0.0430632084608078,0.14622175693512,0.0025278702378273
-0.0430632084608078,0.148225516080856,0.00456027686595917
-0.0450803488492966,0.148225516080856,0.00659269094467163
-0.041046068072319,0.148225516080856,-0.00153695046901703
-0.041046068072319,0.148225516080856,0.0025278702378273
-0.0914745479822159,0.150229260325432,0.0187871530652046
-0.0874402672052383,0.150229260325432,0.010657511651516
-0.0874402672052383,0.152233019471169,0.0126899257302284
-0.0894574075937271,0.152233019471169,0.0147223323583603
-0.0894574075937271,0.152233019471169,0.0187871530652046
-0.0874402672052383,0.150229260325432,0.022851973772049
-0.0874402672052383,0.152233019471169,0.0208195671439171
-0.0874402672052383,0.150229260325432,0.0269168019294739
-0.0834059938788414,0.152233019471169,0.00456027686595917
-0.0854231268167496,0.152233019471169,0.00659269094467163
-0.0854231268167496,0.152233019471169,0.010657511651516
-0.0854231268167496,0.152233019471169,0.022851973772049
-0.0854231268167496,0.152233019471169,0.0269168019294739
-0.0834059938788414,0.150229260325432,0.0309816226363182
-0.0834059938788414,0.152233019471169,0.0289492085576057
-0.0834059938788414,0.150229260325432,0.0350464433431625
-0.0793717131018639,0.152233019471169,0.000495456159114838
-0.0813888534903526,0.152233019471169,0.0025278702378273
-0.0813888534903526,0.152233019471169,0.0309816226363182
-0.0793717131018639,0.150229260325432,0.0350464433431625
-0.0793717131018639,0.152233019471169,0.0330140292644501
-0.0793717131018639,0.150229260325432,0.0391112565994263
-0.0753374397754669,0.152233019471169,-0.0157638266682625
-0.0773545801639557,0.152233019471169,-0.0137314200401306
-0.0773545801639557,0.152233019471169,-0.00966659933328629
-0.0773545801639557,0.152233019471169,-0.00560177862644196
-0.0773545801639557,0.152233019471169,-0.00153695046901703
-0.0753374397754669,0.150229260325432,0.0350464433431625
-0.0753374397754669,0.152233019471169,0.0330140292644501
-0.0753374397754669,0.150229260325432,0.0391112565994263
-0.0713031589984894,0.152233019471169,-0.0442175790667534
-0.0713031589984894,0.150229260325432,-0.0421851687133312
-0.0733202993869781,0.152233019471169,-0.0421851687133312
-0.0713031589984894,0.150229260325432,-0.0381203480064869
-0.0733202993869781,0.152233019471169,-0.0381203480064869
-0.0713031589984894,0.150229260325432,-0.0340555272996426
-0.0733202993869781,0.152233019471169,-0.0340555272996426
-0.0733202993869781,0.152233019471169,-0.0299907028675079
-0.0733202993869781,0.152233019471169,-0.0259258821606636
-0.0733202993869781,0.152233019471169,-0.0218610614538193
-0.0733202993869781,0.152233019471169,-0.0177962407469749
-0.0733202993869781,0.152233019471169,0.0350464433431625
-0.0713031589984894,0.150229260325432,0.0391112565994263
-0.0713031589984894,0.152233019471169,0.0370788499712944
-0.0672688782215118,0.152233019471169,-0.0442175790667534
-0.0672688782215118,0.150229260325432,-0.0421851687133312
-0.0672688782215118,0.150229260325432,-0.0381203480064869
-0.0672688782215118,0.150229260325432,-0.0340555272996426
-0.0672688782215118,0.150229260325432,0.0391112565994263
-0.0672688782215118,0.152233019471169,0.0370788499712944
-0.0652517378330231,0.152233019471169,-0.0421851687133312
-0.0652517378330231,0.152233019471169,-0.0381203480064869
-0.0652517378330231,0.152233019471169,-0.0340555272996426
-0.0632345974445343,0.152233019471169,-0.0320231169462204
-0.0632345974445343,0.150229260325432,-0.0299907028675079
-0.0632345974445343,0.150229260325432,-0.0259258821606636
-0.0632345974445343,0.150229260325432,-0.0218610614538193
-0.0632345974445343,0.152233019471169,-0.00763418525457382
-0.0652517378330231,0.152233019471169,-0.00560177862644196
-0.0632345974445343,0.150229260325432,-0.00560177862644196
-0.0652517378330231,0.152233019471169,-0.00153695046901703
-0.0632345974445343,0.150229260325432,-0.00153695046901703
-0.0632345974445343,0.152233019471169,0.000495456159114838
-0.0632345974445343,0.152233019471169,0.0330140292644501
-0.0652517378330231,0.152233019471169,0.0350464433431625
-0.0632345974445343,0.150229260325432,0.0350464433431625
-0.0612174607813358,0.152233019471169,-0.0299907028675079
-0.0612174607813358,0.152233019471169,-0.0259258821606636
-0.0612174607813358,0.152233019471169,-0.0218610614538193
-0.0612174607813358,0.152233019471169,-0.0177962407469749
-0.0612174607813358,0.152233019471169,-0.0137314200401306
-0.0612174607813358,0.152233019471169,-0.00966659933328629
-0.0592003203928471,0.150229260325432,-0.00153695046901703
-0.0592003203928471,0.152233019471169,0.000495456159114838
-0.0592003203928471,0.150229260325432,0.0350464433431625
-0.0592003203928471,0.152233019471169,0.0330140292644501
-0.0571831837296486,0.152233019471169,-0.00153695046901703
-0.0551660433411598,0.152233019471169,-0.00356936454772949
-0.0551660433411598,0.152233019471169,0.0289492085576057
-0.0571831837296486,0.152233019471169,0.0309816226363182
-0.0511317625641823,0.152233019471169,-0.00356936454772949
-0.0511317625641823,0.152233019471169,0.0126899257302284
-0.0531489029526711,0.152233019471169,0.0147223323583603
-0.0531489029526711,0.152233019471169,0.0187871530652046
-0.0531489029526711,0.152233019471169,0.022851973772049
-0.0531489029526711,0.152233019471169,0.0269168019294739
-0.0470974892377853,0.152233019471169,-0.00356936454772949
-0.0470974892377853,0.152233019471169,0.0086250975728035
-0.0491146221756935,0.152233019471169,0.010657511651516
-0.0430632084608078,0.152233019471169,-0.00763418525457382
-0.0430632084608078,0.150229260325432,-0.00560177862644196
-0.0450803488492966,0.152233019471169,-0.00560177862644196
-0.0430632084608078,0.150229260325432,0.00659269094467163
-0.0430632084608078,0.152233019471169,0.0086250975728035
-0.0390289276838303,0.152233019471169,-0.00763418525457382
-0.0390289276838303,0.150229260325432,-0.00560177862644196
-0.0390289276838303,0.150229260325432,-0.00153695046901703
-0.0390289276838303,0.150229260325432,0.0025278702378273
-0.0390289276838303,0.152233019471169,0.00456027686595917
-0.041046068072319,0.152233019471169,0.00659269094467163
-0.0370117872953415,0.152233019471169,-0.00560177862644196
-0.0349946543574333,0.152233019471169,-0.00356936454772949
-0.0349946543574333,0.150229260325432,-0.00153695046901703
-0.0349946543574333,0.152233019471169,0.000495456159114838
-0.0370117872953415,0.152233019471169,0.0025278702378273
-0.0329775139689445,0.152233019471169,-0.00153695046901703
-0.0874402672052383,0.154236763715744,0.0147223323583603
-0.0874402672052383,0.154236763715744,0.0187871530652046
-0.0834059938788414,0.154236763715744,0.00659269094467163
-0.0834059938788414,0.154236763715744,0.010657511651516
-0.0834059938788414,0.154236763715744,0.0147223323583603
-0.0834059938788414,0.154236763715744,0.0187871530652046
-0.0834059938788414,0.154236763715744,0.022851973772049
-0.0834059938788414,0.154236763715744,0.0269168019294739
-0.0793717131018639,0.154236763715744,0.0025278702378273
-0.0793717131018639,0.154236763715744,0.00659269094467163
-0.0793717131018639,0.154236763715744,0.010657511651516
-0.0793717131018639,0.154236763715744,0.0147223323583603
-0.0793717131018639,0.154236763715744,0.0187871530652046
-0.0793717131018639,0.154236763715744,0.022851973772049
-0.0793717131018639,0.154236763715744,0.0269168019294739
-0.0793717131018639,0.154236763715744,0.0309816226363182
-0.0753374397754669,0.156240522861481,-0.0238934755325317
-0.0753374397754669,0.154236763715744,-0.0218610614538193
-0.0773545801639557,0.156240522861481,-0.0218610614538193
-0.0753374397754669,0.154236763715744,-0.0177962407469749
-0.0773545801639557,0.156240522861481,-0.0177962407469749
-0.0773545801639557,0.156240522861481,-0.0137314200401306
-0.0773545801639557,0.156240522861481,-0.00966659933328629
-0.0773545801639557,0.156240522861481,-0.00560177862644196
-0.0753374397754669,0.154236763715744,-0.00153695046901703
-0.0753374397754669,0.156240522861481,-0.00356936454772949
-0.0753374397754669,0.154236763715744,0.0025278702378273
-0.0753374397754669,0.154236763715744,0.00659269094467163
-0.0753374397754669,0.154236763715744,0.010657511651516
-0.0753374397754669,0.154236763715744,0.0147223323583603
-0.0753374397754669,0.154236763715744,0.0187871530652046
-0.0753374397754669,0.154236763715744,0.022851973772049
-0.0753374397754669,0.154236763715744,0.0269168019294739
-0.0753374397754669,0.154236763715744,0.0309816226363182
-0.0713031589984894,0.156240522861481,-0.0442175790667534
-0.0733202993869781,0.156240522861481,-0.0421851687133312
-0.0733202993869781,0.156240522861481,-0.0381203480064869
-0.0733202993869781,0.156240522861481,-0.0340555272996426
-0.0733202993869781,0.156240522861481,-0.0299907028675079
-0.0733202993869781,0.156240522861481,-0.0259258821606636
-0.0733202993869781,0.156240522861481,-0.00153695046901703
-0.0713031589984894,0.154236763715744,0.0025278702378273
-0.0713031589984894,0.156240522861481,0.000495456159114838
-0.0713031589984894,0.154236763715744,0.00659269094467163
-0.0713031589984894,0.154236763715744,0.010657511651516
-0.0713031589984894,0.156240522861481,0.0126899257302284
-0.0733202993869781,0.156240522861481,0.0147223323583603
-0.0733202993869781,0.156240522861481,0.0187871530652046
-0.0713031589984894,0.154236763715744,0.022851973772049
-0.0713031589984894,0.156240522861481,0.0208195671439171
-0.0713031589984894,0.154236763715744,0.0269168019294739
-0.0713031589984894,0.154236763715744,0.0309816226363182
-0.0713031589984894,0.154236763715744,0.0350464433431625
-0.0672688782215118,0.156240522861481,-0.0523472242057323
-0.0672688782215118,0.154236763715744,-0.0503148138523102
-0.0692860186100006,0.156240522861481,-0.0503148138523102
-0.0672688782215118,0.154236763715744,-0.0462499931454659
-0.0692860186100006,0.156240522861481,-0.0462499931454659
-0.0672688782215118,0.156240522861481,-0.00356936454772949
-0.0692860186100006,0.156240522861481,-0.00153695046901703
-0.0672688782215118,0.154236763715744,-0.00153695046901703
-0.0672688782215118,0.154236763715744,0.0025278702378273
-0.0672688782215118,0.154236763715744,0.00659269094467163
-0.0672688782215118,0.154236763715744,0.010657511651516
-0.0692860186100006,0.156240522861481,0.0147223323583603
-0.0672688782215118,0.154236763715744,0.0147223323583603
-0.0672688782215118,0.156240522861481,0.0167547464370728
-0.0692860186100006,0.156240522861481,0.022851973772049
-0.0672688782215118,0.154236763715744,0.0269168019294739
-0.0672688782215118,0.156240522861481,0.0248843878507614
-0.0672688782215118,0.154236763715744,0.0309816226363182
-0.0672688782215118,0.154236763715744,0.0350464433431625
-0.0652517378330231,0.156240522861481,-0.0503148138523102
-0.0652517378330231,0.156240522861481,-0.0462499931454659
-0.0652517378330231,0.156240522861481,-0.0421851687133312
-0.0632345974445343,0.154236763715744,-0.0381203480064869
-0.0632345974445343,0.156240522861481,-0.0401527583599091
-0.0632345974445343,0.154236763715744,-0.0340555272996426
-0.0632345974445343,0.156240522861481,-0.0116990059614182
-0.0652517378330231,0.156240522861481,-0.00966659933328629
-0.0632345974445343,0.154236763715744,-0.00966659933328629
-0.0652517378330231,0.156240522861481,-0.00560177862644196
-0.0632345974445343,0.154236763715744,0.0025278702378273
-0.0632345974445343,0.154236763715744,0.00659269094467163
-0.0632345974445343,0.154236763715744,0.010657511651516
-0.0632345974445343,0.154236763715744,0.0147223323583603
-0.0652517378330231,0.156240522861481,0.0187871530652046
-0.0632345974445343,0.154236763715744,0.0187871530652046
-0.0652517378330231,0.156240522861481,0.022851973772049
-0.0632345974445343,0.154236763715744,0.022851973772049
-0.0632345974445343,0.154236763715744,0.0269168019294739
-0.0632345974445343,0.154236763715744,0.0309816226363182
-0.0612174607813358,0.156240522861481,-0.0381203480064869
-0.0612174607813358,0.156240522861481,-0.0340555272996426
-0.0612174607813358,0.156240522861481,-0.0299907028675079
-0.0612174607813358,0.156240522861481,-0.0259258821606636
-0.0612174607813358,0.156240522861481,-0.0218610614538193
-0.0612174607813358,0.156240522861481,-0.0177962407469749
-0.0612174607813358,0.156240522861481,-0.0137314200401306
-0.0592003203928471,0.154236763715744,0.0025278702378273
-0.0592003203928471,0.156240522861481,0.00456027686595917
-0.0612174607813358,0.156240522861481,0.00659269094467163
-0.0592003203928471,0.154236763715744,0.010657511651516
-0.0592003203928471,0.156240522861481,0.0086250975728035
-0.0592003203928471,0.154236763715744,0.0147223323583603
-0.0592003203928471,0.154236763715744,0.0187871530652046
-0.0592003203928471,0.154236763715744,0.022851973772049
-0.0592003203928471,0.154236763715744,0.0269168019294739
-0.0592003203928471,0.154236763715744,0.0309816226363182
-0.0551660433411598,0.156240522861481,-0.00356936454772949
-0.0571831837296486,0.156240522861481,-0.00153695046901703
-0.0571831837296486,0.156240522861481,0.0025278702378273
-0.0571831837296486,0.156240522861481,0.010657511651516
-0.0551660433411598,0.154236763715744,0.0147223323583603
-0.0551660433411598,0.156240522861481,0.0126899257302284
-0.0551660433411598,0.154236763715744,0.0187871530652046
-0.0551660433411598,0.154236763715744,0.022851973772049
-0.0551660433411598,0.154236763715744,0.0269168019294739
-0.0511317625641823,0.156240522861481,-0.00356936454772949
-0.0511317625641823,0.156240522861481,0.0086250975728035
-0.0531489029526711,0.156240522861481,0.010657511651516
-0.0511317625641823,0.154236763715744,0.010657511651516
-0.0470974892377853,0.156240522861481,-0.00763418525457382
-0.0470974892377853,0.154236763715744,-0.00560177862644196
-0.0491146221756935,0.156240522861481,-0.00560177862644196
-0.0470974892377853,0.156240522861481,0.0086250975728035
-0.0430632084608078,0.156240522861481,-0.00763418525457382
-0.0430632084608078,0.156240522861481,0.00456027686595917
-0.0450803488492966,0.156240522861481,0.00659269094467163
-0.0430632084608078,0.154236763715744,0.00659269094467163
-0.0390289276838303,0.156240522861481,-0.0116990059614182
-0.0390289276838303,0.154236763715744,-0.00966659933328629
-0.041046068072319,0.156240522861481,-0.00966659933328629
-0.0390289276838303,0.156240522861481,0.00456027686595917
-0.0349946543574333,0.156240522861481,-0.0116990059614182
-0.0349946543574333,0.154236763715744,-0.00966659933328629
-0.0349946543574333,0.154236763715744,-0.00560177862644196
-0.0349946543574333,0.154236763715744,0.0025278702378273
-0.0349946543574333,0.156240522861481,0.00456027686595917
-0.0309603735804558,0.156240522861481,-0.0116990059614182
-0.0309603735804558,0.154236763715744,-0.00966659933328629
-0.0309603735804558,0.154236763715744,-0.00560177862644196
-0.0309603735804558,0.154236763715744,-0.00153695046901703
-0.0309603735804558,0.156240522861481,0.000495456159114838
-0.0329775139689445,0.156240522861481,0.0025278702378273
-0.028943233191967,0.156240522861481,-0.00966659933328629
-0.0269260928034782,0.156240522861481,-0.00763418525457382
-0.0269260928034782,0.154236763715744,-0.00560177862644196
-0.0269260928034782,0.156240522861481,-0.00356936454772949
-0.028943233191967,0.156240522861481,-0.00153695046901703
-0.0249089524149895,0.156240522861481,-0.00560177862644196
-0.0753374397754669,0.160248026251793,-0.0279582925140858
-0.0753374397754669,0.158244282007217,-0.0259258821606636
-0.0773545801639557,0.160248026251793,-0.0259258821606636
-0.0773545801639557,0.160248026251793,-0.0218610614538193
-0.0773545801639557,0.160248026251793,-0.0177962407469749
-0.0773545801639557,0.160248026251793,-0.0137314200401306
-0.0753374397754669,0.158244282007217,-0.00966659933328629
-0.0753374397754669,0.160248026251793,-0.0116990059614182
-0.0753374397754669,0.158244282007217,-0.00560177862644196
-0.0713031589984894,0.160248026251793,-0.0442175790667534
-0.0733202993869781,0.160248026251793,-0.0421851687133312
-0.0733202993869781,0.160248026251793,-0.0381203480064869
-0.0733202993869781,0.160248026251793,-0.0340555272996426
-0.0733202993869781,0.160248026251793,-0.0299907028675079
-0.0733202993869781,0.160248026251793,-0.00966659933328629
-0.0713031589984894,0.158244282007217,-0.00560177862644196
-0.0713031589984894,0.160248026251793,-0.00763418525457382
-0.0713031589984894,0.158244282007217,-0.00153695046901703
-0.0713031589984894,0.158244282007217,0.0147223323583603
-0.0713031589984894,0.158244282007217,0.0187871530652046
-0.0672688782215118,0.160248026251793,-0.0564120449125767
-0.0672688782215118,0.158244282007217,-0.0543796345591545
-0.0692860186100006,0.160248026251793,-0.0543796345591545
-0.0692860186100006,0.160248026251793,-0.0503148138523102
-0.0692860186100006,0.160248026251793,-0.0462499931454659
-0.0672688782215118,0.160248026251793,-0.0116990059614182
-0.0692860186100006,0.160248026251793,-0.00966659933328629
-0.0672688782215118,0.158244282007217,-0.00966659933328629
-0.0672688782215118,0.158244282007217,-0.00560177862644196
-0.0672688782215118,0.158244282007217,0.0187871530652046
-0.0672688782215118,0.158244282007217,0.022851973772049
-0.0652517378330231,0.160248026251793,-0.0543796345591545
-0.0652517378330231,0.160248026251793,-0.0503148138523102
-0.0632345974445343,0.158244282007217,-0.0462499931454659
-0.0632345974445343,0.160248026251793,-0.048282403498888
-0.0632345974445343,0.158244282007217,-0.0421851687133312
-0.0632345974445343,0.160248026251793,-0.0198286473751068
-0.0652517378330231,0.160248026251793,-0.0177962407469749
-0.0632345974445343,0.158244282007217,-0.0177962407469749
-0.0652517378330231,0.160248026251793,-0.0137314200401306
-0.0632345974445343,0.158244282007217,-0.0137314200401306
-0.0612174607813358,0.160248026251793,-0.0462499931454659
-0.0612174607813358,0.160248026251793,-0.0421851687133312
-0.0612174607813358,0.160248026251793,-0.0381203480064869
-0.0612174607813358,0.160248026251793,-0.0340555272996426
-0.0612174607813358,0.160248026251793,-0.0299907028675079
-0.0612174607813358,0.160248026251793,-0.0259258821606636
-0.0612174607813358,0.160248026251793,-0.0218610614538193
-0.0592003203928471,0.158244282007217,0.00659269094467163
-0.0551660433411598,0.158244282007217,-0.00153695046901703
-0.0551660433411598,0.160248026251793,0.000495456159114838
-0.0571831837296486,0.160248026251793,0.0025278702378273
-0.0551660433411598,0.158244282007217,0.00659269094467163
-0.0551660433411598,0.160248026251793,0.00456027686595917
-0.0551660433411598,0.158244282007217,0.010657511651516
-0.0531489029526711,0.160248026251793,-0.00153695046901703
-0.0511317625641823,0.160248026251793,-0.00356936454772949
-0.0531489029526711,0.160248026251793,0.00659269094467163
-0.0511317625641823,0.160248026251793,0.0086250975728035
-0.0470974892377853,0.160248026251793,-0.00763418525457382
-0.0491146221756935,0.160248026251793,-0.00560177862644196
-0.0470974892377853,0.160248026251793,0.0086250975728035
-0.0430632084608078,0.160248026251793,-0.0116990059614182
-0.0430632084608078,0.158244282007217,-0.00966659933328629
-0.0450803488492966,0.160248026251793,-0.00966659933328629
-0.0430632084608078,0.160248026251793,0.00456027686595917
-0.0450803488492966,0.160248026251793,0.00659269094467163
-0.0390289276838303,0.160248026251793,-0.0116990059614182
-0.0390289276838303,0.160248026251793,0.000495456159114838
-0.041046068072319,0.160248026251793,0.0025278702378273
-0.0390289276838303,0.158244282007217,0.0025278702378273
-0.0349946543574333,0.160248026251793,-0.0116990059614182
-0.0349946543574333,0.158244282007217,0.0025278702378273
-0.0349946543574333,0.160248026251793,0.000495456159114838
-0.0309603735804558,0.160248026251793,-0.0116990059614182
-0.0309603735804558,0.160248026251793,0.000495456159114838
-0.0269260928034782,0.158244282007217,-0.00966659933328629
-0.0269260928034782,0.160248026251793,-0.0116990059614182
-0.0269260928034782,0.158244282007217,-0.00153695046901703
-0.0269260928034782,0.160248026251793,0.000495456159114838
-0.0228918194770813,0.160248026251793,-0.0116990059614182
-0.0228918194770813,0.158244282007217,-0.00966659933328629
-0.0228918194770813,0.158244282007217,-0.00560177862644196
-0.0228918194770813,0.160248026251793,-0.00356936454772949
-0.0249089524149895,0.160248026251793,-0.00153695046901703
-0.0188575387001038,0.160248026251793,-0.0116990059614182
-0.0188575387001038,0.158244282007217,-0.00966659933328629
-0.0188575387001038,0.160248026251793,-0.00763418525457382
-0.0208746790885925,0.160248026251793,-0.00560177862644196
-0.016840398311615,0.160248026251793,-0.00966659933328629
-0.0753374397754669,0.164255529642105,-0.0360879376530647
-0.0753374397754669,0.16225178539753,-0.0340555272996426
-0.0773545801639557,0.164255529642105,-0.0340555272996426
-0.0753374397754669,0.16225178539753,-0.0299907028675079
-0.0773545801639557,0.164255529642105,-0.0299907028675079
-0.0773545801639557,0.164255529642105,-0.0259258821606636
-0.0773545801639557,0.164255529642105,-0.0218610614538193
-0.0753374397754669,0.16225178539753,-0.0177962407469749
-0.0753374397754669,0.164255529642105,-0.0198286473751068
-0.0753374397754669,0.16225178539753,-0.0137314200401306
-0.0713031589984894,0.164255529642105,-0.0442175790667534
-0.0733202993869781,0.164255529642105,-0.0421851687133312
-0.0733202993869781,0.164255529642105,-0.0381203480064869
-0.0733202993869781,0.164255529642105,-0.0177962407469749
-0.0713031589984894,0.16225178539753,-0.0137314200401306
-0.0713031589984894,0.164255529642105,-0.0157638266682625
-0.0713031589984894,0.16225178539753,-0.00966659933328629
-0.0672688782215118,0.164255529642105,-0.0564120449125767
-0.0692860186100006,0.164255529642105,-0.0543796345591545
-0.0692860186100006,0.164255529642105,-0.0503148138523102
-0.0692860186100006,0.164255529642105,-0.0462499931454659
-0.0672688782215118,0.164255529642105,-0.0198286473751068
-0.0692860186100006,0.164255529642105,-0.0177962407469749
-0.0672688782215118,0.16225178539753,-0.0177962407469749
-0.0672688782215118,0.16225178539753,-0.0137314200401306
-0.0632345974445343,0.164255529642105,-0.0604768693447113
-0.0632345974445343,0.16225178539753,-0.0584444552659988
-0.0652517378330231,0.164255529642105,-0.0584444552659988
-0.0632345974445343,0.16225178539753,-0.0543796345591545
-0.0632345974445343,0.16225178539753,-0.0503148138523102
-0.0632345974445343,0.164255529642105,-0.0320231169462204
-0.0652517378330231,0.164255529642105,-0.0299907028675079
-0.0632345974445343,0.16225178539753,-0.0299907028675079
-0.0652517378330231,0.164255529642105,-0.0259258821606636
-0.0632345974445343,0.16225178539753,-0.0259258821606636
-0.0652517378330231,0.164255529642105,-0.0218610614538193
-0.0632345974445343,0.16225178539753,-0.0218610614538193
-0.0612174607813358,0.164255529642105,-0.0584444552659988
-0.0612174607813358,0.164255529642105,-0.0543796345591545
-0.0612174607813358,0.164255529642105,-0.0503148138523102
-0.0612174607813358,0.164255529642105,-0.0462499931454659
-0.0612174607813358,0.164255529642105,-0.0421851687133312
-0.0612174607813358,0.164255529642105,-0.0381203480064869
-0.0612174607813358,0.164255529642105,-0.0340555272996426
-0.0551660433411598,0.16225178539753,0.0025278702378273
-0.0511317625641823,0.164255529642105,-0.00356936454772949
-0.0531489029526711,0.164255529642105,-0.00153695046901703
-0.0511317625641823,0.16225178539753,0.0025278702378273
-0.0511317625641823,0.164255529642105,0.000495456159114838
-0.0511317625641823,0.16225178539753,0.00659269094467163
-0.0470974892377853,0.164255529642105,-0.00763418525457382
-0.0491146221756935,0.164255529642105,-0.00560177862644196
-0.0491146221756935,0.164255529642105,0.0025278702378273
-0.0470974892377853,0.16225178539753,0.00659269094467163
-0.0470974892377853,0.164255529642105,0.00456027686595917
-0.0430632084608078,0.164255529642105,-0.0116990059614182
-0.0450803488492966,0.164255529642105,-0.00966659933328629
-0.0430632084608078,0.164255529642105,0.00456027686595917
-0.0390289276838303,0.164255529642105,-0.0116990059614182
-0.0390289276838303,0.164255529642105,0.000495456159114838
-0.041046068072319,0.164255529642105,0.0025278702378273
-0.0349946543574333,0.164255529642105,-0.0157638266682625
-0.0349946543574333,0.16225178539753,-0.0137314200401306
-0.0370117872953415,0.164255529642105,-0.0137314200401306
-0.0349946543574333,0.164255529642105,-0.00356936454772949
-0.0370117872953415,0.164255529642105,-0.00153695046901703
-0.0349946543574333,0.16225178539753,-0.00153695046901703
-0.0309603735804558,0.164255529642105,-0.0157638266682625
-0.0309603735804558,0.16225178539753,-0.0137314200401306
-0.0309603735804558,0.16225178539753,-0.00153695046901703
-0.0309603735804558,0.164255529642105,-0.00356936454772949
-0.0269260928034782,0.164255529642105,-0.0157638266682625
-0.0269260928034782,0.16225178539753,-0.0137314200401306
-0.0269260928034782,0.164255529642105,-0.00763418525457382
-0.028943233191967,0.164255529642105,-0.00560177862644196
-0.0269260928034782,0.16225178539753,-0.00560177862644196
-0.0269260928034782,0.16225178539753,-0.00153695046901703
-0.0228918194770813,0.164255529642105,-0.0157638266682625
-0.0228918194770813,0.16225178539753,-0.0137314200401306
-0.0228918194770813,0.16225178539753,-0.00560177862644196
-0.0228918194770813,0.164255529642105,-0.00763418525457382
-0.0188575387001038,0.164255529642105,-0.0157638266682625
-0.0188575387001038,0.16225178539753,-0.0137314200401306
-0.0188575387001038,0.164255529642105,-0.0116990059614182
-0.0208746790885925,0.164255529642105,-0.00966659933328629
-0.0188575387001038,0.16225178539753,-0.00966659933328629
-0.0148232579231262,0.164255529642105,-0.0157638266682625
-0.0148232579231262,0.16225178539753,-0.0137314200401306
-0.0148232579231262,0.164255529642105,-0.0116990059614182
-0.0128061175346375,0.164255529642105,-0.0137314200401306
-0.0753374397754669,0.168263047933578,-0.0401527583599091
-0.0753374397754669,0.166259288787842,-0.0381203480064869
-0.0773545801639557,0.168263047933578,-0.0381203480064869
-0.0773545801639557,0.168263047933578,-0.0340555272996426
-0.0773545801639557,0.168263047933578,-0.0299907028675079
-0.0753374397754669,0.166259288787842,-0.0259258821606636
-0.0753374397754669,0.168263047933578,-0.0279582925140858
-0.0753374397754669,0.166259288787842,-0.0218610614538193
-0.0713031589984894,0.168263047933578,-0.048282403498888
-0.0713031589984894,0.166259288787842,-0.0462499931454659
-0.0733202993869781,0.168263047933578,-0.0462499931454659
-0.0733202993869781,0.168263047933578,-0.0421851687133312
-0.0733202993869781,0.168263047933578,-0.0259258821606636
-0.0713031589984894,0.166259288787842,-0.0218610614538193
-0.0713031589984894,0.168263047933578,-0.0238934755325317
-0.0713031589984894,0.166259288787842,-0.0177962407469749
-0.0672688782215118,0.168263047933578,-0.0564120449125767
-0.0692860186100006,0.168263047933578,-0.0543796345591545
-0.0692860186100006,0.168263047933578,-0.0503148138523102
-0.0672688782215118,0.168263047933578,-0.0279582925140858
-0.0692860186100006,0.168263047933578,-0.0259258821606636
-0.0672688782215118,0.166259288787842,-0.0259258821606636
-0.0672688782215118,0.166259288787842,-0.0218610614538193
-0.0632345974445343,0.168263047933578,-0.0604768693447113
-0.0652517378330231,0.168263047933578,-0.0584444552659988
-0.0632345974445343,0.168263047933578,-0.0442175790667534
-0.0652517378330231,0.168263047933578,-0.0421851687133312
-0.0632345974445343,0.166259288787842,-0.0421851687133312
-0.0652517378330231,0.168263047933578,-0.0381203480064869
-0.0632345974445343,0.166259288787842,-0.0381203480064869
-0.0652517378330231,0.168263047933578,-0.0340555272996426
-0.0632345974445343,0.166259288787842,-0.0340555272996426
-0.0652517378330231,0.168263047933578,-0.0299907028675079
-0.0612174607813358,0.168263047933578,-0.0584444552659988
-0.0612174607813358,0.168263047933578,-0.0543796345591545
-0.0612174607813358,0.168263047933578,-0.0503148138523102
-0.0612174607813358,0.168263047933578,-0.0462499931454659
-0.0511317625641823,0.166259288787842,-0.00153695046901703
-0.0470974892377853,0.166259288787842,-0.00560177862644196
-0.0470974892377853,0.168263047933578,-0.00356936454772949
-0.0491146221756935,0.168263047933578,-0.00153695046901703
-0.0470974892377853,0.166259288787842,0.0025278702378273
-0.0470974892377853,0.168263047933578,0.000495456159114838
-0.0430632084608078,0.166259288787842,-0.00966659933328629
-0.0430632084608078,0.168263047933578,-0.00763418525457382
-0.0450803488492966,0.168263047933578,-0.00560177862644196
-0.0450803488492966,0.168263047933578,0.0025278702378273
-0.0430632084608078,0.168263047933578,0.00456027686595917
-0.041046068072319,0.168263047933578,-0.00966659933328629
-0.0390289276838303,0.168263047933578,-0.0116990059614182
-0.0390289276838303,0.166259288787842,0.0025278702378273
-0.0390289276838303,0.168263047933578,0.00456027686595917
-0.0349946543574333,0.168263047933578,-0.0157638266682625
-0.0370117872953415,0.168263047933578,-0.0137314200401306
-0.0349946543574333,0.168263047933578,-0.00356936454772949
-0.0370117872953415,0.168263047933578,-0.00153695046901703
-0.0370117872953415,0.168263047933578,0.0025278702378273
-0.0309603735804558,0.168263047933578,-0.0157638266682625
-0.0309603735804558,0.168263047933578,-0.00763418525457382
-0.0329775139689445,0.168263047933578,-0.00560177862644196
-0.0309603735804558,0.166259288787842,-0.00560177862644196
-0.0269260928034782,0.168263047933578,-0.0198286473751068
-0.0269260928034782,0.166259288787842,-0.0177962407469749
-0.028943233191967,0.168263047933578,-0.0177962407469749
-0.0269260928034782,0.168263047933578,-0.00763418525457382
-0.0228918194770813,0.168263047933578,-0.0198286473751068
-0.0228918194770813,0.166259288787842,-0.0177962407469749
-0.0228918194770813,0.168263047933578,-0.0116990059614182
-0.0249089524149895,0.168263047933578,-0.00966659933328629
-0.0228918194770813,0.166259288787842,-0.00966659933328629
-0.0188575387001038,0.168263047933578,-0.0198286473751068
-0.0188575387001038,0.166259288787842,-0.0177962407469749
-0.0188575387001038,0.168263047933578,-0.0116990059614182
-0.0148232579231262,0.168263047933578,-0.0198286473751068
-0.0148232579231262,0.166259288787842,-0.0177962407469749
-0.0148232579231262,0.168263047933578,-0.0157638266682625
-0.016840398311615,0.168263047933578,-0.0137314200401306
-0.0148232579231262,0.166259288787842,-0.0137314200401306
-0.0107889771461487,0.168263047933578,-0.0238934755325317
-0.0107889771461487,0.166259288787842,-0.0218610614538193
-0.0128061175346375,0.168263047933578,-0.0218610614538193
-0.0107889771461487,0.166259288787842,-0.0177962407469749
-0.0107889771461487,0.168263047933578,-0.0157638266682625
-0.00877184420824051,0.168263047933578,-0.0218610614538193
-0.00877184420824051,0.168263047933578,-0.0177962407469749
-0.0753374397754669,0.172270551323891,-0.048282403498888
-0.0753374397754669,0.170266792178154,-0.0462499931454659
-0.0773545801639557,0.172270551323891,-0.0462499931454659
-0.0753374397754669,0.170266792178154,-0.0421851687133312
-0.0773545801639557,0.172270551323891,-0.0421851687133312
-0.0773545801639557,0.172270551323891,-0.0381203480064869
-0.0753374397754669,0.170266792178154,-0.0340555272996426
-0.0753374397754669,0.172270551323891,-0.0360879376530647
-0.0753374397754669,0.170266792178154,-0.0299907028675079
-0.0713031589984894,0.172270551323891,-0.0523472242057323
-0.0713031589984894,0.170266792178154,-0.0503148138523102
-0.0733202993869781,0.172270551323891,-0.0503148138523102
-0.0713031589984894,0.170266792178154,-0.0340555272996426
-0.0713031589984894,0.172270551323891,-0.0360879376530647
-0.0713031589984894,0.170266792178154,-0.0299907028675079
-0.0713031589984894,0.170266792178154,-0.0259258821606636
-0.0672688782215118,0.172270551323891,-0.0564120449125767
-0.0692860186100006,0.172270551323891,-0.0543796345591545
-0.0672688782215118,0.172270551323891,-0.0401527583599091
-0.0692860186100006,0.172270551323891,-0.0381203480064869
-0.0672688782215118,0.170266792178154,-0.0381203480064869
-0.0672688782215118,0.170266792178154,-0.0340555272996426
-0.0672688782215118,0.170266792178154,-0.0299907028675079
-0.0632345974445343,0.172270551323891,-0.0604768693447113
-0.0652517378330231,0.172270551323891,-0.0584444552659988
-0.0632345974445343,0.172270551323891,-0.0523472242057323
-0.0652517378330231,0.172270551323891,-0.0503148138523102
-0.0632345974445343,0.170266792178154,-0.0503148138523102
-0.0652517378330231,0.172270551323891,-0.0462499931454659
-0.0632345974445343,0.170266792178154,-0.0462499931454659
-0.0652517378330231,0.172270551323891,-0.0421851687133312
-0.0612174607813358,0.172270551323891,-0.0584444552659988
-0.0612174607813358,0.172270551323891,-0.0543796345591545
-0.0470974892377853,0.170266792178154,-0.00153695046901703
-0.0430632084608078,0.170266792178154,-0.00560177862644196
-0.0430632084608078,0.170266792178154,-0.00153695046901703
-0.0430632084608078,0.170266792178154,0.0025278702378273
-0.0390289276838303,0.172270551323891,-0.0116990059614182
-0.041046068072319,0.172270551323891,-0.00966659933328629
-0.041046068072319,0.172270551323891,-0.00560177862644196
-0.041046068072319,0.172270551323891,-0.00153695046901703
-0.0390289276838303,0.170266792178154,0.0025278702378273
-0.0390289276838303,0.172270551323891,0.000495456159114838
-0.0349946543574333,0.172270551323891,-0.0157638266682625
-0.0370117872953415,0.172270551323891,-0.0137314200401306
-0.0349946543574333,0.170266792178154,-0.00153695046901703
-0.0349946543574333,0.172270551323891,0.000495456159114838
-0.0309603735804558,0.172270551323891,-0.0157638266682625
-0.0309603735804558,0.170266792178154,-0.00560177862644196
-0.0309603735804558,0.172270551323891,-0.00356936454772949
-0.0329775139689445,0.172270551323891,-0.00153695046901703
-0.0269260928034782,0.172270551323891,-0.0198286473751068
-0.028943233191967,0.172270551323891,-0.0177962407469749
-0.0269260928034782,0.172270551323891,-0.0116990059614182
-0.028943233191967,0.172270551323891,-0.00966659933328629
-0.0269260928034782,0.170266792178154,-0.00966659933328629
-0.028943233191967,0.172270551323891,-0.00560177862644196
-0.0228918194770813,0.172270551323891,-0.0198286473751068
-0.0228918194770813,0.172270551323891,-0.0116990059614182
-0.0188575387001038,0.172270551323891,-0.0238934755325317
-0.0188575387001038,0.170266792178154,-0.0218610614538193
-0.0208746790885925,0.172270551323891,-0.0218610614538193
-0.0188575387001038,0.172270551323891,-0.0157638266682625
-0.0208746790885925,0.172270551323891,-0.0137314200401306
-0.0188575387001038,0.170266792178154,-0.0137314200401306
-0.0148232579231262,0.172270551323891,-0.0238934755325317
-0.0148232579231262,0.170266792178154,-0.0218610614538193
-0.0148232579231262,0.172270551323891,-0.0198286473751068
-0.016840398311615,0.172270551323891,-0.0177962407469749
-0.0148232579231262,0.170266792178154,-0.0177962407469749
-0.0107889771461487,0.172270551323891,-0.0279582925140858
-0.0107889771461487,0.170266792178154,-0.0259258821606636
-0.0128061175346375,0.172270551323891,-0.0259258821606636
-0.0107889771461487,0.170266792178154,-0.0177962407469749
-0.0107889771461487,0.172270551323891,-0.0198286473751068
-0.00877184420824051,0.172270551323891,-0.0259258821606636
-0.00877184420824051,0.172270551323891,-0.0218610614538193
-0.0753374397754669,0.176278054714203,-0.0523472242057323
-0.0753374397754669,0.174274295568466,-0.0503148138523102
-0.0773545801639557,0.176278054714203,-0.0503148138523102
-0.0773545801639557,0.176278054714203,-0.0462499931454659
-0.0753374397754669,0.174274295568466,-0.0421851687133312
-0.0753374397754669,0.176278054714203,-0.0442175790667534
-0.0753374397754669,0.174274295568466,-0.0381203480064869
-0.0713031589984894,0.176278054714203,-0.0564120449125767
-0.0713031589984894,0.174274295568466,-0.0543796345591545
-0.0733202993869781,0.176278054714203,-0.0543796345591545
-0.0713031589984894,0.174274295568466,-0.0421851687133312
-0.0713031589984894,0.176278054714203,-0.0442175790667534
-0.0713031589984894,0.174274295568466,-0.0381203480064869
-0.0672688782215118,0.176278054714203,-0.0604768693447113
-0.0672688782215118,0.174274295568466,-0.0584444552659988
-0.0692860186100006,0.176278054714203,-0.0584444552659988
-0.0672688782215118,0.176278054714203,-0.048282403498888
-0.0692860186100006,0.176278054714203,-0.0462499931454659
-0.0672688782215118,0.174274295568466,-0.0462499931454659
-0.0672688782215118,0.174274295568466,-0.0421851687133312
-0.0632345974445343,0.176278054714203,-0.0604768693447113
-0.0632345974445343,0.174274295568466,-0.0543796345591545
-0.0632345974445343,0.176278054714203,-0.0564120449125767
-0.0652517378330231,0.176278054714203,-0.0543796345591545
-0.0652517378330231,0.176278054714203,-0.0503148138523102
-0.0612174607813358,0.176278054714203,-0.0584444552659988
-0.0390289276838303,0.174274295568466,-0.00966659933328629
-0.0390289276838303,0.174274295568466,-0.00560177862644196
-0.0390289276838303,0.174274295568466,-0.00153695046901703
-0.0349946543574333,0.174274295568466,-0.0137314200401306
-0.0349946543574333,0.176278054714203,-0.0116990059614182
-0.0370117872953415,0.176278054714203,-0.00966659933328629
-0.0370117872953415,0.176278054714203,-0.00560177862644196
-0.0349946543574333,0.174274295568466,-0.00153695046901703
-0.0349946543574333,0.176278054714203,-0.00356936454772949
-0.0329775139689445,0.176278054714203,-0.0137314200401306
-0.0309603735804558,0.176278054714203,-0.0157638266682625
-0.0309603735804558,0.176278054714203,-0.00356936454772949
-0.0269260928034782,0.176278054714203,-0.0198286473751068
-0.028943233191967,0.176278054714203,-0.0177962407469749
-0.0269260928034782,0.174274295568466,-0.00966659933328629
-0.0269260928034782,0.176278054714203,-0.00763418525457382
-0.028943233191967,0.176278054714203,-0.00560177862644196
-0.0228918194770813,0.176278054714203,-0.0198286473751068
-0.0228918194770813,0.176278054714203,-0.0116990059614182
-0.0249089524149895,0.176278054714203,-0.00966659933328629
-0.0188575387001038,0.176278054714203,-0.0238934755325317
-0.0208746790885925,0.176278054714203,-0.0218610614538193
-0.0188575387001038,0.176278054714203,-0.0157638266682625
-0.0208746790885925,0.176278054714203,-0.0137314200401306
-0.0148232579231262,0.176278054714203,-0.0279582925140858
-0.0148232579231262,0.174274295568466,-0.0259258821606636
-0.016840398311615,0.176278054714203,-0.0259258821606636
-0.0148232579231262,0.176278054714203,-0.0198286473751068
-0.016840398311615,0.176278054714203,-0.0177962407469749
-0.0107889771461487,0.176278054714203,-0.0279582925140858
-0.0107889771461487,0.174274295568466,-0.0218610614538193
-0.0107889771461487,0.176278054714203,-0.0238934755325317
-0.0128061175346375,0.176278054714203,-0.0218610614538193
-0.00877184420824051,0.176278054714203,-0.0259258821606636
-0.0753374397754669,0.178281798958778,-0.0503148138523102
-0.0753374397754669,0.178281798958778,-0.0462499931454659
-0.0713031589984894,0.180285558104515,-0.0564120449125767
-0.0733202993869781,0.180285558104515,-0.0543796345591545
-0.0713031589984894,0.178281798958778,-0.0503148138523102
-0.0713031589984894,0.180285558104515,-0.0523472242057323
-0.0713031589984894,0.178281798958778,-0.0462499931454659
-0.0672688782215118,0.180285558104515,-0.0604768693447113
-0.0692860186100006,0.180285558104515,-0.0584444552659988
-0.0672688782215118,0.180285558104515,-0.0564120449125767
-0.0672688782215118,0.178281798958778,-0.0543796345591545
-0.0692860186100006,0.180285558104515,-0.0543796345591545
-0.0672688782215118,0.178281798958778,-0.0503148138523102
-0.0652517378330231,0.180285558104515,-0.0584444552659988
-0.0632345974445343,0.178281798958778,-0.0584444552659988
-0.0349946543574333,0.178281798958778,-0.00966659933328629
-0.0349946543574333,0.178281798958778,-0.00560177862644196
-0.0309603735804558,0.178281798958778,-0.0137314200401306
-0.0309603735804558,0.178281798958778,-0.00966659933328629
-0.0309603735804558,0.178281798958778,-0.00560177862644196
-0.0269260928034782,0.178281798958778,-0.0177962407469749
-0.0269260928034782,0.180285558104515,-0.0157638266682625
-0.028943233191967,0.180285558104515,-0.0137314200401306
-0.028943233191967,0.180285558104515,-0.00966659933328629
-0.0269260928034782,0.180285558104515,-0.00763418525457382
-0.0249089524149895,0.180285558104515,-0.0177962407469749
-0.0228918194770813,0.180285558104515,-0.0198286473751068
-0.0228918194770813,0.180285558104515,-0.0116990059614182
-0.0249089524149895,0.180285558104515,-0.00966659933328629
-0.0188575387001038,0.180285558104515,-0.0238934755325317
-0.0208746790885925,0.180285558104515,-0.0218610614538193
-0.0188575387001038,0.180285558104515,-0.0157638266682625
-0.0208746790885925,0.180285558104515,-0.0137314200401306
-0.0148232579231262,0.180285558104515,-0.0279582925140858
-0.016840398311615,0.180285558104515,-0.0259258821606636
-0.0148232579231262,0.180285558104515,-0.0198286473751068
-0.016840398311615,0.180285558104515,-0.0177962407469749
-0.0128061175346375,0.180285558104515,-0.0259258821606636
-0.0107889771461487,0.178281798958778,-0.0259258821606636
-0.0128061175346375,0.180285558104515,-0.0218610614538193
-0.0713031589984894,0.182289317250252,-0.0543796345591545
-0.0672688782215118,0.182289317250252,-0.0584444552659988
-0.0269260928034782,0.182289317250252,-0.0137314200401306
-0.0269260928034782,0.182289317250252,-0.00966659933328629
-0.0228918194770813,0.182289317250252,-0.0177962407469749
-0.0228918194770813,0.184293061494827,-0.0157638266682625
-0.0249089524149895,0.184293061494827,-0.0137314200401306
-0.0228918194770813,0.184293061494827,-0.0116990059614182
-0.0188575387001038,0.184293061494827,-0.0238934755325317
-0.0208746790885925,0.184293061494827,-0.0218610614538193
-0.0208746790885925,0.184293061494827,-0.0177962407469749
-0.0208746790885925,0.184293061494827,-0.0137314200401306
-0.0188575387001038,0.184293061494827,-0.0157638266682625
-0.0148232579231262,0.184293061494827,-0.0279582925140858
-0.016840398311615,0.184293061494827,-0.0259258821606636
-0.0148232579231262,0.184293061494827,-0.0238934755325317
-0.0148232579231262,0.182289317250252,-0.0218610614538193
-0.016840398311615,0.184293061494827,-0.0218610614538193
-0.016840398311615,0.184293061494827,-0.0177962407469749
-0.0128061175346375,0.184293061494827,-0.0259258821606636
-0.0228918194770813,0.186296820640564,-0.0137314200401306
-0.0188575387001038,0.186296820640564,-0.0218610614538193
-0.0188575387001038,0.186296820640564,-0.0177962407469749
-0.0148232579231262,0.186296820640564,-0.0259258821606636
